YYYYMMDD,EV
#,Opmerking:
#,SOURCE:
#,Comment:
#,STN
#,344
#,EV24
#,"STN,YYYYMMDD,"
"344,20100901,",22
"344,20100902,",19
"344,20100903,",21
"344,20100904,",27
"344,20100905,",32
"344,20100906,",30
"344,20100907,",7
"344,20100908,",8
"344,20100909,",24
"344,20100910,",10
"344,20100911,",28
"344,20100912,",16
"344,20100913,",24
"344,20100914,",3
"344,20100915,",21
"344,20100916,",13
"344,20100917,",14
"344,20100918,",22
"344,20100919,",11
"344,20100920,",12
"344,20100921,",17
"344,20100922,",24
"344,20100923,",10
"344,20100924,",14
"344,20100925,",15
"344,20100926,",11
"344,20100927,",3
"344,20100928,",7
"344,20100929,",18
"344,20100930,",7
"344,20101001,",17
"344,20101002,",10
"344,20101003,",20
"344,20101004,",12
"344,20101005,",12
"344,20101006,",5
"344,20101007,",11
"344,20101008,",9
"344,20101009,",18
"344,20101010,",19
"344,20101011,",18
"344,20101012,",13
"344,20101013,",6
"344,20101014,",4
"344,20101015,",5
"344,20101016,",11
"344,20101017,",13
"344,20101018,",9
"344,20101019,",8
"344,20101020,",7
"344,20101021,",14
"344,20101022,",8
"344,20101023,",2
"344,20101024,",7
"344,20101025,",10
"344,20101026,",5
"344,20101027,",3
"344,20101028,",4
"344,20101029,",6
"344,20101030,",6
"344,20101031,",3
"344,20101101,",4
"344,20101102,",3
"344,20101103,",7
"344,20101104,",4
"344,20101105,",2
"344,20101106,",6
"344,20101107,",3
"344,20101108,",4
"344,20101109,",2
"344,20101110,",4
"344,20101111,",1
"344,20101112,",5
"344,20101113,",3
"344,20101114,",2
"344,20101115,",5
"344,20101116,",4
"344,20101117,",3
"344,20101118,",3
"344,20101119,",2
"344,20101120,",4
"344,20101121,",4
"344,20101122,",4
"344,20101123,",2
"344,20101124,",3
"344,20101125,",2
"344,20101126,",3
"344,20101127,",1
"344,20101128,",3
"344,20101129,",0
"344,20101130,",2
"344,20101201,",2
"344,20101202,",1
"344,20101203,",3
"344,20101204,",1
"344,20101205,",2
"344,20101206,",2
"344,20101207,",2
"344,20101208,",1
"344,20101209,",4
"344,20101210,",1
"344,20101211,",2
"344,20101212,",3
"344,20101213,",2
"344,20101214,",1
"344,20101215,",3
"344,20101216,",0
"344,20101217,",1
"344,20101218,",3
"344,20101219,",1
"344,20101220,",3
"344,20101221,",1
"344,20101222,",1
"344,20101223,",1
"344,20101224,",2
"344,20101225,",3
"344,20101226,",5
"344,20101227,",2
"344,20101228,",1
"344,20101229,",1
"344,20101230,",4
"344,20101231,",1
"344,20110101,",2
"344,20110102,",3
"344,20110103,",2
"344,20110104,",3
"344,20110105,",3
"344,20110106,",1
"344,20110107,",1
"344,20110108,",2
"344,20110109,",5
"344,20110110,",4
"344,20110111,",1
"344,20110112,",1
"344,20110113,",1
"344,20110114,",1
"344,20110115,",1
"344,20110116,",4
"344,20110117,",1
"344,20110118,",2
"344,20110119,",2
"344,20110120,",5
"344,20110121,",2
"344,20110122,",2
"344,20110123,",1
"344,20110124,",2
"344,20110125,",3
"344,20110126,",4
"344,20110127,",5
"344,20110128,",6
"344,20110129,",5
"344,20110130,",2
"344,20110131,",2
"344,20110201,",2
"344,20110202,",2
"344,20110203,",6
"344,20110204,",2
"344,20110205,",3
"344,20110206,",5
"344,20110207,",4
"344,20110208,",7
"344,20110209,",4
"344,20110210,",4
"344,20110211,",3
"344,20110212,",2
"344,20110213,",5
"344,20110214,",3
"344,20110215,",8
"344,20110216,",10
"344,20110217,",12
"344,20110218,",1
"344,20110219,",5
"344,20110220,",4
"344,20110221,",8
"344,20110222,",8
"344,20110223,",3
"344,20110224,",5
"344,20110225,",3
"344,20110226,",2
"344,20110227,",2
"344,20110228,",1
"344,20110301,",3
"344,20110302,",11
"344,20110303,",11
"344,20110304,",12
"344,20110305,",3
"344,20110306,",12
"344,20110307,",16
"344,20110308,",17
"344,20110309,",9
"344,20110310,",6
"344,20110311,",16
"344,20110312,",14
"344,20110313,",9
"344,20110314,",8
"344,20110315,",15
"344,20110316,",13
"344,20110317,",3
"344,20110318,",3
"344,20110319,",19
"344,20110320,",19
"344,20110321,",20
"344,20110322,",19
"344,20110323,",16
"344,20110324,",22
"344,20110325,",21
"344,20110326,",4
"344,20110327,",21
"344,20110328,",19
"344,20110329,",23
"344,20110330,",9
"344,20110331,",6
"344,20110401,",11
"344,20110402,",27
"344,20110403,",17
"344,20110404,",19
"344,20110405,",6
"344,20110406,",26
"344,20110407,",23
"344,20110408,",29
"344,20110409,",28
"344,20110410,",30
"344,20110411,",29
"344,20110412,",22
"344,20110413,",26
"344,20110414,",11
"344,20110415,",19
"344,20110416,",23
"344,20110417,",29
"344,20110418,",34
"344,20110419,",35
"344,20110420,",36
"344,20110421,",33
"344,20110422,",31
"344,20110423,",38
"344,20110424,",36
"344,20110425,",39
"344,20110426,",35
"344,20110427,",29
"344,20110428,",21
"344,20110429,",33
"344,20110430,",38
"344,20110501,",41
"344,20110502,",38
"344,20110503,",38
"344,20110504,",35
"344,20110505,",36
"344,20110506,",36
"344,20110507,",42
"344,20110508,",37
"344,20110509,",29
"344,20110510,",30
"344,20110511,",41
"344,20110512,",30
"344,20110513,",31
"344,20110514,",33
"344,20110515,",30
"344,20110516,",12
"344,20110517,",27
"344,20110518,",8
"344,20110519,",22
"344,20110520,",33
"344,20110521,",44
"344,20110522,",26
"344,20110523,",42
"344,20110524,",40
"344,20110525,",46
"344,20110526,",18
"344,20110527,",33
"344,20110528,",18
"344,20110529,",27
"344,20110530,",44
"344,20110531,",21
"344,20110601,",45
"344,20110602,",47
"344,20110603,",50
"344,20110604,",49
"344,20110605,",14
"344,20110606,",16
"344,20110607,",26
"344,20110608,",41
"344,20110609,",32
"344,20110610,",25
"344,20110611,",33
"344,20110612,",38
"344,20110613,",15
"344,20110614,",50
"344,20110615,",27
"344,20110616,",12
"344,20110617,",24
"344,20110618,",27
"344,20110619,",11
"344,20110620,",24
"344,20110621,",32
"344,20110622,",18
"344,20110623,",37
"344,20110624,",37
"344,20110625,",8
"344,20110626,",33
"344,20110627,",56
"344,20110628,",31
"344,20110629,",30
"344,20110630,",45
"344,20110701,",37
"344,20110702,",31
"344,20110703,",43
"344,20110704,",43
"344,20110705,",47
"344,20110706,",36
"344,20110707,",38
"344,20110708,",33
"344,20110709,",29
"344,20110710,",45
"344,20110711,",32
"344,20110712,",27
"344,20110713,",9
"344,20110714,",4
"344,20110715,",48
"344,20110716,",14
"344,20110717,",29
"344,20110718,",10
"344,20110719,",28
"344,20110720,",25
"344,20110721,",19
"344,20110722,",28
"344,20110723,",23
"344,20110724,",10
"344,20110725,",23
"344,20110726,",14
"344,20110727,",27
"344,20110728,",24
"344,20110729,",13
"344,20110730,",11
"344,20110731,",33
"344,20110801,",44
"344,20110802,",37
"344,20110803,",10
"344,20110804,",31
"344,20110805,",31
"344,20110806,",21
"344,20110807,",30
"344,20110808,",29
"344,20110809,",26
"344,20110810,",24
"344,20110811,",16
"344,20110812,",25
"344,20110813,",10
"344,20110814,",28
"344,20110815,",38
"344,20110816,",31
"344,20110817,",32
"344,20110818,",15
"344,20110819,",35
"344,20110820,",29
"344,20110821,",23
"344,20110822,",22
"344,20110823,",17
"344,20110824,",8
"344,20110825,",29
"344,20110826,",12
"344,20110827,",15
"344,20110828,",17
"344,20110829,",22
"344,20110830,",17
"344,20110831,",17
"344,20110901,",26
"344,20110902,",29
"344,20110903,",31
"344,20110904,",15
"344,20110905,",21
"344,20110906,",7
"344,20110907,",17
"344,20110908,",7
"344,20110909,",9
"344,20110910,",20
"344,20110911,",11
"344,20110912,",14
"344,20110913,",21
"344,20110914,",26
"344,20110915,",17
"344,20110916,",20
"344,20110917,",6
"344,20110918,",17
"344,20110919,",21
"344,20110920,",12
"344,20110921,",9
"344,20110922,",22
"344,20110923,",21
"344,20110924,",23
"344,20110925,",22
"344,20110926,",18
"344,20110927,",13
"344,20110928,",24
"344,20110929,",24
"344,20110930,",23
"344,20111001,",21
"344,20111002,",21
"344,20111003,",19
"344,20111004,",12
"344,20111005,",9
"344,20111006,",11
"344,20111007,",10
"344,20111008,",9
"344,20111009,",4
"344,20111010,",8
"344,20111011,",6
"344,20111012,",3
"344,20111013,",17
"344,20111014,",15
"344,20111015,",16
"344,20111016,",16
"344,20111017,",8
"344,20111018,",9
"344,20111019,",10
"344,20111020,",8
"344,20111021,",12
"344,20111022,",13
"344,20111023,",13
"344,20111024,",13
"344,20111025,",2
"344,20111026,",11
"344,20111027,",10
"344,20111028,",6
"344,20111029,",5
"344,20111030,",3
"344,20111031,",11
"344,20111101,",10
"344,20111102,",7
"344,20111103,",3
"344,20111104,",10
"344,20111105,",8
"344,20111106,",3
"344,20111107,",1
"344,20111108,",5
"344,20111109,",5
"344,20111110,",8
"344,20111111,",8
"344,20111112,",7
"344,20111113,",4
"344,20111114,",3
"344,20111115,",6
"344,20111116,",6
"344,20111117,",2
"344,20111118,",4
"344,20111119,",5
"344,20111120,",2
"344,20111121,",2
"344,20111122,",4
"344,20111123,",4
"344,20111124,",5
"344,20111125,",1
"344,20111126,",4
"344,20111127,",3
"344,20111128,",6
"344,20111129,",4
"344,20111130,",5
"344,20111201,",2
"344,20111202,",5
"344,20111203,",2
"344,20111204,",2
"344,20111205,",3
"344,20111206,",3
"344,20111207,",3
"344,20111208,",2
"344,20111209,",3
"344,20111210,",3
"344,20111211,",2
"344,20111212,",4
"344,20111213,",3
"344,20111214,",2
"344,20111215,",1
"344,20111216,",1
"344,20111217,",4
"344,20111218,",3
"344,20111219,",3
"344,20111220,",3
"344,20111221,",1
"344,20111222,",1
"344,20111223,",1
"344,20111224,",4
"344,20111225,",3
"344,20111226,",3
"344,20111227,",1
"344,20111228,",1
"344,20111229,",1
"344,20111230,",4
"344,20111231,",1
"344,20120101,",1
"344,20120102,",3
"344,20120103,",1
"344,20120104,",4
"344,20120105,",3
"344,20120106,",2
"344,20120107,",4
"344,20120108,",4
"344,20120109,",2
"344,20120110,",2
"344,20120111,",1
"344,20120112,",2
"344,20120113,",4
"344,20120114,",4
"344,20120115,",4
"344,20120116,",5
"344,20120117,",5
"344,20120118,",1
"344,20120119,",2
"344,20120120,",2
"344,20120121,",2
"344,20120122,",4
"344,20120123,",4
"344,20120124,",2
"344,20120125,",2
"344,20120126,",1
"344,20120127,",5
"344,20120128,",4
"344,20120129,",4
"344,20120130,",1
"344,20120131,",6
"344,20120201,",6
"344,20120202,",6
"344,20120203,",2
"344,20120204,",6
"344,20120205,",4
"344,20120206,",6
"344,20120207,",6
"344,20120208,",5
"344,20120209,",2
"344,20120210,",8
"344,20120211,",7
"344,20120212,",2
"344,20120213,",3
"344,20120214,",5
"344,20120215,",4
"344,20120216,",5
"344,20120217,",7
"344,20120218,",4
"344,20120219,",6
"344,20120220,",10
"344,20120221,",9
"344,20120222,",8
"344,20120223,",7
"344,20120224,",5
"344,20120225,",14
"344,20120226,",6
"344,20120227,",4
"344,20120228,",3
"344,20120229,",3
"344,20120301,",3
"344,20120302,",5
"344,20120303,",5
"344,20120304,",5
"344,20120305,",3
"344,20120306,",12
"344,20120307,",2
"344,20120308,",9
"344,20120309,",9
"344,20120310,",7
"344,20120311,",18
"344,20120312,",17
"344,20120313,",5
"344,20120314,",6
"344,20120315,",20
"344,20120316,",10
"344,20120317,",10
"344,20120318,",7
"344,20120319,",20
"344,20120320,",19
"344,20120321,",22
"344,20120322,",25
"344,20120323,",25
"344,20120324,",22
"344,20120325,",24
"344,20120326,",25
"344,20120327,",23
"344,20120328,",25
"344,20120329,",11
"344,20120330,",6
"344,20120331,",15
"344,20120401,",17
"344,20120402,",19
"344,20120403,",17
"344,20120404,",6
"344,20120405,",13
"344,20120406,",24
"344,20120407,",14
"344,20120408,",15
"344,20120409,",7
"344,20120410,",13
"344,20120411,",16
"344,20120412,",19
"344,20120413,",14
"344,20120414,",26
"344,20120415,",14
"344,20120416,",21
"344,20120417,",9
"344,20120418,",16
"344,20120419,",14
"344,20120420,",13
"344,20120421,",17
"344,20120422,",24
"344,20120423,",19
"344,20120424,",14
"344,20120425,",16
"344,20120426,",23
"344,20120427,",27
"344,20120428,",3
"344,20120429,",14
"344,20120430,",36
"344,20120501,",17
"344,20120502,",18
"344,20120503,",6
"344,20120504,",8
"344,20120505,",7
"344,20120506,",30
"344,20120507,",29
"344,20120508,",13
"344,20120509,",20
"344,20120510,",13
"344,20120511,",23
"344,20120512,",26
"344,20120513,",35
"344,20120514,",38
"344,20120515,",22
"344,20120516,",29
"344,20120517,",31
"344,20120518,",21
"344,20120519,",39
"344,20120520,",38
"344,20120521,",35
"344,20120522,",43
"344,20120523,",44
"344,20120524,",41
"344,20120525,",54
"344,20120526,",53
"344,20120527,",51
"344,20120528,",48
"344,20120529,",22
"344,20120530,",45
"344,20120531,",11
"344,20120601,",23
"344,20120602,",40
"344,20120603,",7
"344,20120604,",11
"344,20120605,",33
"344,20120606,",28
"344,20120607,",20
"344,20120608,",35
"344,20120609,",12
"344,20120610,",36
"344,20120611,",22
"344,20120612,",12
"344,20120613,",29
"344,20120614,",41
"344,20120615,",12
"344,20120616,",36
"344,20120617,",32
"344,20120618,",24
"344,20120619,",33
"344,20120620,",43
"344,20120621,",24
"344,20120622,",28
"344,20120623,",34
"344,20120624,",12
"344,20120625,",29
"344,20120626,",47
"344,20120627,",18
"344,20120628,",33
"344,20120629,",33
"344,20120630,",32
"344,20120701,",28
"344,20120702,",42
"344,20120703,",29
"344,20120704,",35
"344,20120705,",33
"344,20120706,",26
"344,20120707,",40
"344,20120708,",18
"344,20120709,",20
"344,20120710,",21
"344,20120711,",35
"344,20120712,",39
"344,20120713,",19
"344,20120714,",16
"344,20120715,",27
"344,20120716,",13
"344,20120717,",16
"344,20120718,",22
"344,20120719,",21
"344,20120720,",29
"344,20120721,",26
"344,20120722,",41
"344,20120723,",49
"344,20120724,",50
"344,20120725,",49
"344,20120726,",48
"344,20120727,",31
"344,20120728,",22
"344,20120729,",41
"344,20120730,",37
"344,20120731,",12
"344,20120801,",37
"344,20120802,",29
"344,20120803,",39
"344,20120804,",33
"344,20120805,",23
"344,20120806,",25
"344,20120807,",18
"344,20120808,",16
"344,20120809,",40
"344,20120810,",38
"344,20120811,",28
"344,20120812,",42
"344,20120813,",29
"344,20120814,",32
"344,20120815,",32
"344,20120816,",25
"344,20120817,",36
"344,20120818,",43
"344,20120819,",36
"344,20120820,",35
"344,20120821,",25
"344,20120822,",29
"344,20120823,",30
"344,20120824,",22
"344,20120825,",17
"344,20120826,",19
"344,20120827,",31
"344,20120828,",25
"344,20120829,",31
"344,20120830,",23
"344,20120831,",20
"344,20120901,",30
"344,20120902,",22
"344,20120903,",29
"344,20120904,",32
"344,20120905,",25
"344,20120906,",27
"344,20120907,",31
"344,20120908,",30
"344,20120909,",32
"344,20120910,",16
"344,20120911,",14
"344,20120912,",23
"344,20120913,",20
"344,20120914,",8
"344,20120915,",21
"344,20120916,",16
"344,20120917,",15
"344,20120918,",18
"344,20120919,",22
"344,20120920,",12
"344,20120921,",13
"344,20120922,",21
"344,20120923,",9
"344,20120924,",9
"344,20120925,",17
"344,20120926,",15
"344,20120927,",14
"344,20120928,",15
"344,20120929,",20
"344,20120930,",19
"344,20121001,",14
"344,20121002,",12
"344,20121003,",6
"344,20121004,",14
"344,20121005,",9
"344,20121006,",12
"344,20121007,",17
"344,20121008,",9
"344,20121009,",11
"344,20121010,",12
"344,20121011,",15
"344,20121012,",5
"344,20121013,",4
"344,20121014,",9
"344,20121015,",12
"344,20121016,",10
"344,20121017,",6
"344,20121018,",2
"344,20121019,",10
"344,20121020,",4
"344,20121021,",3
"344,20121022,",11
"344,20121023,",9
"344,20121024,",5
"344,20121025,",3
"344,20121026,",7
"344,20121027,",9
"344,20121028,",6
"344,20121029,",4
"344,20121030,",4
"344,20121031,",8
"344,20121101,",3
"344,20121102,",5
"344,20121103,",4
"344,20121104,",3
"344,20121105,",6
"344,20121106,",7
"344,20121107,",3
"344,20121108,",5
"344,20121109,",3
"344,20121110,",2
"344,20121111,",7
"344,20121112,",3
"344,20121113,",3
"344,20121114,",7
"344,20121115,",2
"344,20121116,",2
"344,20121117,",1
"344,20121118,",3
"344,20121119,",2
"344,20121120,",5
"344,20121121,",3
"344,20121122,",7
"344,20121123,",1
"344,20121124,",2
"344,20121125,",4
"344,20121126,",3
"344,20121127,",3
"344,20121128,",4
"344,20121129,",4
"344,20121130,",4
"344,20121201,",3
"344,20121202,",2
"344,20121203,",1
"344,20121204,",1
"344,20121205,",2
"344,20121206,",3
"344,20121207,",1
"344,20121208,",5
"344,20121209,",1
"344,20121210,",2
"344,20121211,",4
"344,20121212,",2
"344,20121213,",2
"344,20121214,",1
"344,20121215,",3
"344,20121216,",2
"344,20121217,",1
"344,20121218,",2
"344,20121219,",2
"344,20121220,",1
"344,20121221,",2
"344,20121222,",1
"344,20121223,",2
"344,20121224,",1
"344,20121225,",2
"344,20121226,",3
"344,20121227,",1
"344,20121228,",2
"344,20121229,",4
"344,20121230,",3
"344,20121231,",1
"344,20130101,",3
"344,20130102,",4
"344,20130103,",2
"344,20130104,",1
"344,20130105,",1
"344,20130106,",4
"344,20130107,",1
"344,20130108,",1
"344,20130109,",1
"344,20130110,",4
"344,20130111,",5
"344,20130112,",5
"344,20130113,",5
"344,20130114,",3
"344,20130115,",3
"344,20130116,",4
"344,20130117,",2
"344,20130118,",3
"344,20130119,",3
"344,20130120,",1
"344,20130121,",1
"344,20130122,",4
"344,20130123,",4
"344,20130124,",5
"344,20130125,",5
"344,20130126,",2
"344,20130127,",2
"344,20130128,",7
"344,20130129,",2
"344,20130130,",5
"344,20130131,",5
"344,20130201,",1
"344,20130202,",6
"344,20130203,",3
"344,20130204,",7
"344,20130205,",6
"344,20130206,",7
"344,20130207,",5
"344,20130208,",6
"344,20130209,",5
"344,20130210,",7
"344,20130211,",3
"344,20130212,",3
"344,20130213,",7
"344,20130214,",2
"344,20130215,",7
"344,20130216,",4
"344,20130217,",11
"344,20130218,",10
"344,20130219,",4
"344,20130220,",7
"344,20130221,",7
"344,20130222,",6
"344,20130223,",5
"344,20130224,",2
"344,20130225,",2
"344,20130226,",4
"344,20130227,",3
"344,20130228,",8
"344,20130301,",4
"344,20130302,",5
"344,20130303,",4
"344,20130304,",16
"344,20130305,",17
"344,20130306,",9
"344,20130307,",9
"344,20130308,",12
"344,20130309,",2
"344,20130310,",2
"344,20130311,",5
"344,20130312,",10
"344,20130313,",13
"344,20130314,",11
"344,20130315,",5
"344,20130316,",8
"344,20130317,",9
"344,20130318,",13
"344,20130319,",6
"344,20130320,",8
"344,20130321,",8
"344,20130322,",14
"344,20130323,",9
"344,20130324,",6
"344,20130325,",17
"344,20130326,",20
"344,20130327,",20
"344,20130328,",12
"344,20130329,",10
"344,20130330,",8
"344,20130331,",10
"344,20130401,",21
"344,20130402,",24
"344,20130403,",15
"344,20130404,",8
"344,20130405,",12
"344,20130406,",18
"344,20130407,",19
"344,20130408,",21
"344,20130409,",12
"344,20130410,",8
"344,20130411,",6
"344,20130412,",12
"344,20130413,",21
"344,20130414,",26
"344,20130415,",21
"344,20130416,",16
"344,20130417,",20
"344,20130418,",35
"344,20130419,",20
"344,20130420,",31
"344,20130421,",28
"344,20130422,",28
"344,20130423,",17
"344,20130424,",31
"344,20130425,",26
"344,20130426,",4
"344,20130427,",28
"344,20130428,",25
"344,20130429,",27
"344,20130430,",26
"344,20130501,",37
"344,20130502,",15
"344,20130503,",35
"344,20130504,",39
"344,20130505,",38
"344,20130506,",39
"344,20130507,",31
"344,20130508,",24
"344,20130509,",33
"344,20130510,",22
"344,20130511,",15
"344,20130512,",20
"344,20130513,",19
"344,20130514,",15
"344,20130515,",27
"344,20130516,",6
"344,20130517,",6
"344,20130518,",9
"344,20130519,",33
"344,20130520,",5
"344,20130521,",5
"344,20130522,",21
"344,20130523,",23
"344,20130524,",19
"344,20130525,",27
"344,20130526,",24
"344,20130527,",46
"344,20130528,",43
"344,20130529,",8
"344,20130530,",20
"344,20130531,",39
"344,20130601,",16
"344,20130602,",45
"344,20130603,",24
"344,20130604,",43
"344,20130605,",48
"344,20130606,",49
"344,20130607,",50
"344,20130608,",47
"344,20130609,",27
"344,20130610,",23
"344,20130611,",31
"344,20130612,",18
"344,20130613,",20
"344,20130614,",35
"344,20130615,",40
"344,20130616,",33
"344,20130617,",36
"344,20130618,",42
"344,20130619,",23
"344,20130620,",20
"344,20130621,",8
"344,20130622,",17
"344,20130623,",23
"344,20130624,",14
"344,20130625,",42
"344,20130626,",29
"344,20130627,",25
"344,20130628,",15
"344,20130629,",32
"344,20130630,",41
"344,20130701,",29
"344,20130702,",35
"344,20130703,",11
"344,20130704,",26
"344,20130705,",42
"344,20130706,",47
"344,20130707,",53
"344,20130708,",52
"344,20130709,",51
"344,20130710,",33
"344,20130711,",27
"344,20130712,",23
"344,20130713,",42
"344,20130714,",33
"344,20130715,",49
"344,20130716,",34
"344,20130717,",37
"344,20130718,",50
"344,20130719,",51
"344,20130720,",20
"344,20130721,",51
"344,20130722,",46
"344,20130723,",49
"344,20130724,",36
"344,20130725,",43
"344,20130726,",23
"344,20130727,",22
"344,20130728,",36
"344,20130729,",35
"344,20130730,",17
"344,20130731,",29
"344,20130801,",51
"344,20130802,",43
"344,20130803,",40
"344,20130804,",38
"344,20130805,",39
"344,20130806,",37
"344,20130807,",9
"344,20130808,",39
"344,20130809,",28
"344,20130810,",22
"344,20130811,",29
"344,20130812,",27
"344,20130813,",30
"344,20130814,",35
"344,20130815,",15
"344,20130816,",30
"344,20130817,",24
"344,20130818,",32
"344,20130819,",27
"344,20130820,",21
"344,20130821,",31
"344,20130822,",12
"344,20130823,",36
"344,20130824,",11
"344,20130825,",17
"344,20130826,",37
"344,20130827,",32
"344,20130828,",19
"344,20130829,",31
"344,20130830,",26
"344,20130831,",25
"344,20130901,",18
"344,20130902,",18
"344,20130903,",30
"344,20130904,",32
"344,20130905,",36
"344,20130906,",23
"344,20130907,",18
"344,20130908,",13
"344,20130909,",8
"344,20130910,",12
"344,20130911,",22
"344,20130912,",16
"344,20130913,",9
"344,20130914,",12
"344,20130915,",17
"344,20130916,",23
"344,20130917,",10
"344,20130918,",12
"344,20130919,",10
"344,20130920,",9
"344,20130921,",18
"344,20130922,",8
"344,20130923,",18
"344,20130924,",14
"344,20130925,",13
"344,20130926,",17
"344,20130927,",21
"344,20130928,",22
"344,20130929,",22
"344,20130930,",22
"344,20131001,",21
"344,20131002,",15
"344,20131003,",19
"344,20131004,",16
"344,20131005,",13
"344,20131006,",11
"344,20131007,",12
"344,20131008,",10
"344,20131009,",8
"344,20131010,",10
"344,20131011,",1
"344,20131012,",12
"344,20131013,",1
"344,20131014,",3
"344,20131015,",5
"344,20131016,",6
"344,20131017,",13
"344,20131018,",4
"344,20131019,",8
"344,20131020,",11
"344,20131021,",6
"344,20131022,",13
"344,20131023,",9
"344,20131024,",13
"344,20131025,",4
"344,20131026,",10
"344,20131027,",8
"344,20131028,",8
"344,20131029,",9
"344,20131030,",8
"344,20131031,",6
"344,20131101,",2
"344,20131102,",3
"344,20131103,",5
"344,20131104,",3
"344,20131105,",2
"344,20131106,",4
"344,20131107,",3
"344,20131108,",6
"344,20131109,",7
"344,20131110,",5
"344,20131111,",5
"344,20131112,",1
"344,20131113,",7
"344,20131114,",2
"344,20131115,",7
"344,20131116,",3
"344,20131117,",2
"344,20131118,",2
"344,20131119,",2
"344,20131120,",3
"344,20131121,",4
"344,20131122,",2
"344,20131123,",4
"344,20131124,",3
"344,20131125,",4
"344,20131126,",2
"344,20131127,",3
"344,20131128,",2
"344,20131129,",1
"344,20131130,",4
"344,20131201,",3
"344,20131202,",5
"344,20131203,",4
"344,20131204,",1
"344,20131205,",1
"344,20131206,",1
"344,20131207,",3
"344,20131208,",3
"344,20131209,",4
"344,20131210,",5
"344,20131211,",5
"344,20131212,",4
"344,20131213,",3
"344,20131214,",4
"344,20131215,",3
"344,20131216,",3
"344,20131217,",1
"344,20131218,",3
"344,20131219,",4
"344,20131220,",5
"344,20131221,",1
"344,20131222,",1
"344,20131223,",3
"344,20131224,",0
"344,20131225,",4
"344,20131226,",2
"344,20131227,",1
"344,20131228,",4
"344,20131229,",4
"344,20131230,",3
"344,20131231,",3
"344,20140101,",3
"344,20140102,",3
"344,20140103,",3
"344,20140104,",2
"344,20140105,",4
"344,20140106,",4
"344,20140107,",3
"344,20140108,",3
"344,20140109,",1
"344,20140110,",5
"344,20140111,",3
"344,20140112,",5
"344,20140113,",3
"344,20140114,",2
"344,20140115,",1
"344,20140116,",1
"344,20140117,",3
"344,20140118,",3
"344,20140119,",2
"344,20140120,",1
"344,20140121,",2
"344,20140122,",4
"344,20140123,",1
"344,20140124,",3
"344,20140125,",2
"344,20140126,",2
"344,20140127,",2
"344,20140128,",2
"344,20140129,",5
"344,20140130,",3
"344,20140131,",4
"344,20140201,",3
"344,20140202,",7
"344,20140203,",9
"344,20140204,",8
"344,20140205,",7
"344,20140206,",5
"344,20140207,",1
"344,20140208,",3
"344,20140209,",3
"344,20140210,",4
"344,20140211,",6
"344,20140212,",7
"344,20140213,",3
"344,20140214,",4
"344,20140215,",7
"344,20140216,",8
"344,20140217,",9
"344,20140218,",4
"344,20140219,",7
"344,20140220,",2
"344,20140221,",9
"344,20140222,",9
"344,20140223,",11
"344,20140224,",13
"344,20140225,",7
"344,20140226,",11
"344,20140227,",3
"344,20140228,",6
"344,20140301,",7
"344,20140302,",15
"344,20140303,",5
"344,20140304,",10
"344,20140305,",15
"344,20140306,",12
"344,20140307,",9
"344,20140308,",19
"344,20140309,",21
"344,20140310,",19
"344,20140311,",14
"344,20140312,",19
"344,20140313,",19
"344,20140314,",15
"344,20140315,",11
"344,20140316,",18
"344,20140317,",10
"344,20140318,",6
"344,20140319,",20
"344,20140320,",25
"344,20140321,",12
"344,20140322,",12
"344,20140323,",14
"344,20140324,",19
"344,20140325,",19
"344,20140326,",10
"344,20140327,",18
"344,20140328,",23
"344,20140329,",23
"344,20140330,",20
"344,20140331,",23
"344,20140401,",25
"344,20140402,",23
"344,20140403,",22
"344,20140404,",7
"344,20140405,",22
"344,20140406,",7
"344,20140407,",17
"344,20140408,",14
"344,20140409,",30
"344,20140410,",16
"344,20140411,",27
"344,20140412,",22
"344,20140413,",26
"344,20140414,",23
"344,20140415,",20
"344,20140416,",32
"344,20140417,",27
"344,20140418,",23
"344,20140419,",28
"344,20140420,",29
"344,20140421,",14
"344,20140422,",22
"344,20140423,",28
"344,20140424,",18
"344,20140425,",29
"344,20140426,",29
"344,20140427,",18
"344,20140428,",30
"344,20140429,",14
"344,20140430,",13
"344,20140501,",30
"344,20140502,",13
"344,20140503,",30
"344,20140504,",26
"344,20140505,",39
"344,20140506,",21
"344,20140507,",22
"344,20140508,",9
"344,20140509,",22
"344,20140510,",13
"344,20140511,",11
"344,20140512,",20
"344,20140513,",31
"344,20140514,",30
"344,20140515,",32
"344,20140516,",41
"344,20140517,",42
"344,20140518,",46
"344,20140519,",42
"344,20140520,",39
"344,20140521,",21
"344,20140522,",42
"344,20140523,",37
"344,20140524,",31
"344,20140525,",39
"344,20140526,",17
"344,20140527,",7
"344,20140528,",8
"344,20140529,",8
"344,20140530,",39
"344,20140531,",37
"344,20140601,",37
"344,20140602,",42
"344,20140603,",21
"344,20140604,",19
"344,20140605,",33
"344,20140606,",50
"344,20140607,",36
"344,20140608,",40
"344,20140609,",33
"344,20140610,",29
"344,20140611,",50
"344,20140612,",47
"344,20140613,",49
"344,20140614,",35
"344,20140615,",37
"344,20140616,",19
"344,20140617,",32
"344,20140618,",27
"344,20140619,",13
"344,20140620,",26
"344,20140621,",37
"344,20140622,",44
"344,20140623,",46
"344,20140624,",43
"344,20140625,",33
"344,20140626,",36
"344,20140627,",29
"344,20140628,",33
"344,20140629,",37
"344,20140630,",39
"344,20140701,",45
"344,20140702,",42
"344,20140703,",49
"344,20140704,",43
"344,20140705,",24
"344,20140706,",18
"344,20140707,",31
"344,20140708,",8
"344,20140709,",4
"344,20140710,",48
"344,20140711,",25
"344,20140712,",27
"344,20140713,",22
"344,20140714,",39
"344,20140715,",24
"344,20140716,",47
"344,20140717,",44
"344,20140718,",51
"344,20140719,",42
"344,20140720,",23
"344,20140721,",10
"344,20140722,",50
"344,20140723,",51
"344,20140724,",46
"344,20140725,",25
"344,20140726,",45
"344,20140727,",39
"344,20140728,",23
"344,20140729,",29
"344,20140730,",37
"344,20140731,",41
"344,20140801,",41
"344,20140802,",26
"344,20140803,",33
"344,20140804,",37
"344,20140805,",41
"344,20140806,",9
"344,20140807,",25
"344,20140808,",16
"344,20140809,",39
"344,20140810,",15
"344,20140811,",33
"344,20140812,",36
"344,20140813,",38
"344,20140814,",30
"344,20140815,",27
"344,20140816,",24
"344,20140817,",9
"344,20140818,",20
"344,20140819,",19
"344,20140820,",23
"344,20140821,",22
"344,20140822,",14
"344,20140823,",26
"344,20140824,",27
"344,20140825,",10
"344,20140826,",11
"344,20140827,",36
"344,20140828,",14
"344,20140829,",30
"344,20140830,",14
"344,20140831,",21
"344,20140901,",29
"344,20140902,",26
"344,20140903,",32
"344,20140904,",30
"344,20140905,",13
"344,20140906,",12
"344,20140907,",23
"344,20140908,",30
"344,20140909,",13
"344,20140910,",21
"344,20140911,",21
"344,20140912,",28
"344,20140913,",23
"344,20140914,",20
"344,20140915,",26
"344,20140916,",21
"344,20140917,",28
"344,20140918,",27
"344,20140919,",16
"344,20140920,",17
"344,20140921,",17
"344,20140922,",13
"344,20140923,",15
"344,20140924,",7
"344,20140925,",19
"344,20140926,",9
"344,20140927,",15
"344,20140928,",19
"344,20140929,",8
"344,20140930,",15
"344,20141001,",17
"344,20141002,",9
"344,20141003,",21
"344,20141004,",17
"344,20141005,",15
"344,20141006,",5
"344,20141007,",10
"344,20141008,",5
"344,20141009,",15
"344,20141010,",15
"344,20141011,",7
"344,20141012,",15
"344,20141013,",7
"344,20141014,",3
"344,20141015,",12
"344,20141016,",11
"344,20141017,",10
"344,20141018,",15
"344,20141019,",10
"344,20141020,",10
"344,20141021,",4
"344,20141022,",9
"344,20141023,",6
"344,20141024,",3
"344,20141025,",6
"344,20141026,",8
"344,20141027,",13
"344,20141028,",5
"344,20141029,",2
"344,20141030,",5
"344,20141031,",8
"344,20141101,",12
"344,20141102,",12
"344,20141103,",3
"344,20141104,",5
"344,20141105,",4
"344,20141106,",3
"344,20141107,",3
"344,20141108,",9
"344,20141109,",8
"344,20141110,",9
"344,20141111,",8
"344,20141112,",5
"344,20141113,",8
"344,20141114,",4
"344,20141115,",1
"344,20141116,",2
"344,20141117,",4
"344,20141118,",1
"344,20141119,",1
"344,20141120,",2
"344,20141121,",6
"344,20141122,",6
"344,20141123,",5
"344,20141124,",5
"344,20141125,",5
"344,20141126,",2
"344,20141127,",1
"344,20141128,",2
"344,20141129,",5
"344,20141130,",1
"344,20141201,",1
"344,20141202,",1
"344,20141203,",1
"344,20141204,",1
"344,20141205,",2
"344,20141206,",4
"344,20141207,",1
"344,20141208,",2
"344,20141209,",3
"344,20141210,",4
"344,20141211,",2
"344,20141212,",1
"344,20141213,",1
"344,20141214,",4
"344,20141215,",2
"344,20141216,",2
"344,20141217,",1
"344,20141218,",2
"344,20141219,",3
"344,20141220,",2
"344,20141221,",2
"344,20141222,",1
"344,20141223,",5
"344,20141224,",1
"344,20141225,",3
"344,20141226,",3
"344,20141227,",1
"344,20141228,",4
"344,20141229,",3
"344,20141230,",2
"344,20141231,",4
"344,20150101,",3
"344,20150102,",4
"344,20150103,",1
"344,20150104,",4
"344,20150105,",1
"344,20150106,",2
"344,20150107,",4
"344,20150108,",1
"344,20150109,",2
"344,20150110,",2
"344,20150111,",3
"344,20150112,",2
"344,20150113,",1
"344,20150114,",3
"344,20150115,",1
"344,20150116,",5
"344,20150117,",6
"344,20150118,",1
"344,20150119,",2
"344,20150120,",3
"344,20150121,",3
"344,20150122,",2
"344,20150123,",3
"344,20150124,",5
"344,20150125,",2
"344,20150126,",2
"344,20150127,",6
"344,20150128,",1
"344,20150129,",3
"344,20150130,",6
"344,20150131,",5
"344,20150201,",4
"344,20150202,",5
"344,20150203,",5
"344,20150204,",6
"344,20150205,",6
"344,20150206,",8
"344,20150207,",4
"344,20150208,",5
"344,20150209,",3
"344,20150210,",2
"344,20150211,",3
"344,20150212,",3
"344,20150213,",10
"344,20150214,",5
"344,20150215,",10
"344,20150216,",9
"344,20150217,",7
"344,20150218,",12
"344,20150219,",11
"344,20150220,",1
"344,20150221,",5
"344,20150222,",10
"344,20150223,",11
"344,20150224,",9
"344,20150225,",4
"344,20150226,",4
"344,20150227,",10
"344,20150228,",12
"344,20150301,",16
"344,20150302,",11
"344,20150303,",5
"344,20150304,",8
"344,20150305,",13
"344,20150306,",7
"344,20150307,",13
"344,20150308,",19
"344,20150309,",13
"344,20150310,",17
"344,20150311,",17
"344,20150312,",20
"344,20150313,",19
"344,20150314,",5
"344,20150315,",6
"344,20150316,",17
"344,20150317,",18
"344,20150318,",5
"344,20150319,",9
"344,20150320,",10
"344,20150321,",10
"344,20150322,",15
"344,20150323,",12
"344,20150324,",10
"344,20150325,",6
"344,20150326,",7
"344,20150327,",18
"344,20150328,",6
"344,20150329,",4
"344,20150330,",17
"344,20150331,",23
"344,20150401,",16
"344,20150402,",19
"344,20150403,",12
"344,20150404,",11
"344,20150405,",24
"344,20150406,",9
"344,20150407,",23
"344,20150408,",24
"344,20150409,",28
"344,20150410,",30
"344,20150411,",12
"344,20150412,",30
"344,20150413,",25
"344,20150414,",34
"344,20150415,",35
"344,20150416,",30
"344,20150417,",21
"344,20150418,",30
"344,20150419,",23
"344,20150420,",34
"344,20150421,",34
"344,20150422,",12
"344,20150423,",27
"344,20150424,",30
"344,20150425,",15
"344,20150426,",8
"344,20150427,",33
"344,20150428,",25
"344,20150429,",20
"344,20150430,",33
"344,20150501,",30
"344,20150502,",33
"344,20150503,",13
"344,20150504,",28
"344,20150505,",28
"344,20150506,",25
"344,20150507,",32
"344,20150508,",23
"344,20150509,",24
"344,20150510,",36
"344,20150511,",38
"344,20150512,",35
"344,20150513,",40
"344,20150514,",33
"344,20150515,",35
"344,20150516,",14
"344,20150517,",36
"344,20150518,",11
"344,20150519,",28
"344,20150520,",31
"344,20150521,",42
"344,20150522,",33
"344,20150523,",25
"344,20150524,",45
"344,20150525,",27
"344,20150526,",37
"344,20150527,",35
"344,20150528,",27
"344,20150529,",15
"344,20150530,",39
"344,20150531,",11
"344,20150601,",32
"344,20150602,",7
"344,20150603,",34
"344,20150604,",50
"344,20150605,",41
"344,20150606,",50
"344,20150607,",48
"344,20150608,",37
"344,20150609,",18
"344,20150610,",47
"344,20150611,",53
"344,20150612,",41
"344,20150613,",25
"344,20150614,",22
"344,20150615,",45
"344,20150616,",27
"344,20150617,",40
"344,20150618,",32
"344,20150619,",19
"344,20150620,",26
"344,20150621,",13
"344,20150622,",16
"344,20150623,",16
"344,20150624,",43
"344,20150625,",49
"344,20150626,",34
"344,20150627,",47
"344,20150628,",28
"344,20150629,",44
"344,20150630,",55
"344,20150701,",59
"344,20150702,",44
"344,20150703,",53
"344,20150704,",50
"344,20150705,",33
"344,20150706,",43
"344,20150707,",30
"344,20150708,",19
"344,20150709,",32
"344,20150710,",51
"344,20150711,",49
"344,20150712,",18
"344,20150713,",12
"344,20150714,",15
"344,20150715,",17
"344,20150716,",46
"344,20150717,",42
"344,20150718,",40
"344,20150719,",28
"344,20150720,",22
"344,20150721,",52
"344,20150722,",39
"344,20150723,",44
"344,20150724,",28
"344,20150725,",10
"344,20150726,",27
"344,20150727,",20
"344,20150728,",20
"344,20150729,",29
"344,20150730,",20
"344,20150731,",40
"344,20150801,",39
"344,20150802,",43
"344,20150803,",46
"344,20150804,",28
"344,20150805,",41
"344,20150806,",44
"344,20150807,",42
"344,20150808,",42
"344,20150809,",36
"344,20150810,",28
"344,20150811,",28
"344,20150812,",26
"344,20150813,",40
"344,20150814,",23
"344,20150815,",13
"344,20150816,",16
"344,20150817,",6
"344,20150818,",11
"344,20150819,",28
"344,20150820,",32
"344,20150821,",30
"344,20150822,",40
"344,20150823,",33
"344,20150824,",20
"344,20150825,",18
"344,20150826,",26
"344,20150827,",8
"344,20150828,",29
"344,20150829,",35
"344,20150830,",32
"344,20150831,",17
"344,20150901,",21
"344,20150902,",23
"344,20150903,",15
"344,20150904,",14
"344,20150905,",17
"344,20150906,",18
"344,20150907,",21
"344,20150908,",13
"344,20150909,",29
"344,20150910,",29
"344,20150911,",28
"344,20150912,",11
"344,20150913,",19
"344,20150914,",14
"344,20150915,",9
"344,20150916,",7
"344,20150917,",6
"344,20150918,",16
"344,20150919,",17
"344,20150920,",20
"344,20150921,",18
"344,20150922,",18
"344,20150923,",9
"344,20150924,",5
"344,20150925,",16
"344,20150926,",17
"344,20150927,",20
"344,20150928,",16
"344,20150929,",22
"344,20150930,",22
"344,20151001,",21
"344,20151002,",21
"344,20151003,",16
"344,20151004,",15
"344,20151005,",10
"344,20151006,",7
"344,20151007,",4
"344,20151008,",14
"344,20151009,",14
"344,20151010,",16
"344,20151011,",16
"344,20151012,",12
"344,20151013,",10
"344,20151014,",3
"344,20151015,",2
"344,20151016,",3
"344,20151017,",3
"344,20151018,",7
"344,20151019,",5
"344,20151020,",8
"344,20151021,",4
"344,20151022,",5
"344,20151023,",6
"344,20151024,",6
"344,20151025,",10
"344,20151026,",13
"344,20151027,",12
"344,20151028,",4
"344,20151029,",10
"344,20151030,",10
"344,20151031,",11
"344,20151101,",10
"344,20151102,",11
"344,20151103,",9
"344,20151104,",4
"344,20151105,",5
"344,20151106,",3
"344,20151107,",4
"344,20151108,",7
"344,20151109,",5
"344,20151110,",2
"344,20151111,",3
"344,20151112,",6
"344,20151113,",7
"344,20151114,",4
"344,20151115,",2
"344,20151116,",2
"344,20151117,",3
"344,20151118,",4
"344,20151119,",2
"344,20151120,",3
"344,20151121,",4
"344,20151122,",3
"344,20151123,",5
"344,20151124,",1
"344,20151125,",3
"344,20151126,",6
"344,20151127,",2
"344,20151128,",5
"344,20151129,",1
"344,20151130,",1
"344,20151201,",2
"344,20151202,",2
"344,20151203,",3
"344,20151204,",6
"344,20151205,",3
"344,20151206,",3
"344,20151207,",3
"344,20151208,",4
"344,20151209,",5
"344,20151210,",2
"344,20151211,",1
"344,20151212,",2
"344,20151213,",2
"344,20151214,",3
"344,20151215,",3
"344,20151216,",1
"344,20151217,",5
"344,20151218,",2
"344,20151219,",2
"344,20151220,",3
"344,20151221,",3
"344,20151222,",1
"344,20151223,",4
"344,20151224,",4
"344,20151225,",2
"344,20151226,",5
"344,20151227,",2
"344,20151228,",5
"344,20151229,",2
"344,20151230,",4
"344,20151231,",5
"344,20160101,",4
"344,20160102,",2
"344,20160103,",3
"344,20160104,",2
"344,20160105,",1
"344,20160106,",1
"344,20160107,",1
"344,20160108,",5
"344,20160109,",2
"344,20160110,",3
"344,20160111,",1
"344,20160112,",3
"344,20160113,",3
"344,20160114,",2
"344,20160115,",2
"344,20160116,",4
"344,20160117,",5
"344,20160118,",5
"344,20160119,",3
"344,20160120,",2
"344,20160121,",2
"344,20160122,",4
"344,20160123,",6
"344,20160124,",1
"344,20160125,",8
"344,20160126,",6
"344,20160127,",1
"344,20160128,",8
"344,20160129,",1
"344,20160130,",1
"344,20160131,",3
"344,20160201,",4
"344,20160202,",4
"344,20160203,",6
"344,20160204,",3
"344,20160205,",3
"344,20160206,",4
"344,20160207,",7
"344,20160208,",5
"344,20160209,",1
"344,20160210,",4
"344,20160211,",7
"344,20160212,",4
"344,20160213,",5
"344,20160214,",2
"344,20160215,",9
"344,20160216,",11
"344,20160217,",11
"344,20160218,",4
"344,20160219,",11
"344,20160220,",3
"344,20160221,",3
"344,20160222,",3
"344,20160223,",9
"344,20160224,",10
"344,20160225,",8
"344,20160226,",6
"344,20160227,",13
"344,20160228,",12
"344,20160229,",12
"344,20160301,",3
"344,20160302,",8
"344,20160303,",14
"344,20160304,",4
"344,20160305,",11
"344,20160306,",9
"344,20160307,",17
"344,20160308,",11
"344,20160309,",15
"344,20160310,",17
"344,20160311,",15
"344,20160312,",17
"344,20160313,",18
"344,20160314,",19
"344,20160315,",6
"344,20160316,",16
"344,20160317,",20
"344,20160318,",4
"344,20160319,",8
"344,20160320,",9
"344,20160321,",7
"344,20160322,",15
"344,20160323,",11
"344,20160324,",8
"344,20160325,",11
"344,20160326,",22
"344,20160327,",16
"344,20160328,",19
"344,20160329,",17
"344,20160330,",21
"344,20160331,",13
"344,20160401,",25
"344,20160402,",15
"344,20160403,",28
"344,20160404,",14
"344,20160405,",15
"344,20160406,",9
"344,20160407,",14
"344,20160408,",23
"344,20160409,",21
"344,20160410,",30
"344,20160411,",28
"344,20160412,",27
"344,20160413,",24
"344,20160414,",28
"344,20160415,",14
"344,20160416,",18
"344,20160417,",24
"344,20160418,",25
"344,20160419,",30
"344,20160420,",33
"344,20160421,",34
"344,20160422,",20
"344,20160423,",24
"344,20160424,",21
"344,20160425,",9
"344,20160426,",18
"344,20160427,",17
"344,20160428,",26
"344,20160429,",21
"344,20160430,",25
"344,20160501,",36
"344,20160502,",31
"344,20160503,",36
"344,20160504,",32
"344,20160505,",43
"344,20160506,",43
"344,20160507,",43
"344,20160508,",48
"344,20160509,",45
"344,20160510,",16
"344,20160511,",35
"344,20160512,",48
"344,20160513,",45
"344,20160514,",28
"344,20160515,",22
"344,20160516,",23
"344,20160517,",36
"344,20160518,",22
"344,20160519,",20
"344,20160520,",20
"344,20160521,",30
"344,20160522,",10
"344,20160523,",13
"344,20160524,",26
"344,20160525,",14
"344,20160526,",34
"344,20160527,",36
"344,20160528,",41
"344,20160529,",19
"344,20160530,",7
"344,20160531,",37
"344,20160601,",28
"344,20160602,",8
"344,20160603,",25
"344,20160604,",37
"344,20160605,",50
"344,20160606,",52
"344,20160607,",41
"344,20160608,",45
"344,20160609,",47
"344,20160610,",41
"344,20160611,",19
"344,20160612,",29
"344,20160613,",19
"344,20160614,",19
"344,20160615,",19
"344,20160616,",23
"344,20160617,",20
"344,20160618,",17
"344,20160619,",39
"344,20160620,",9
"344,20160621,",12
"344,20160622,",39
"344,20160623,",26
"344,20160624,",31
"344,20160625,",25
"344,20160626,",40
"344,20160627,",18
"344,20160628,",35
"344,20160629,",28
"344,20160630,",16
"344,20160701,",9
"344,20160702,",40
"344,20160703,",42
"344,20160704,",35
"344,20160705,",19
"344,20160706,",45
"344,20160707,",34
"344,20160708,",24
"344,20160709,",41
"344,20160710,",42
"344,20160711,",33
"344,20160712,",27
"344,20160713,",37
"344,20160714,",40
"344,20160715,",41
"344,20160716,",26
"344,20160717,",35
"344,20160718,",51
"344,20160719,",52
"344,20160720,",46
"344,20160721,",47
"344,20160722,",36
"344,20160723,",36
"344,20160724,",41
"344,20160725,",23
"344,20160726,",35
"344,20160727,",15
"344,20160728,",26
"344,20160729,",21
"344,20160730,",20
"344,20160731,",32
"344,20160801,",37
"344,20160802,",12
"344,20160803,",17
"344,20160804,",27
"344,20160805,",41
"344,20160806,",40
"344,20160807,",17
"344,20160808,",31
"344,20160809,",34
"344,20160810,",29
"344,20160811,",8
"344,20160812,",24
"344,20160813,",25
"344,20160814,",31
"344,20160815,",34
"344,20160816,",38
"344,20160817,",43
"344,20160818,",39
"344,20160819,",20
"344,20160820,",28
"344,20160821,",20
"344,20160822,",26
"344,20160823,",41
"344,20160824,",43
"344,20160825,",43
"344,20160826,",35
"344,20160827,",38
"344,20160828,",30
"344,20160829,",27
"344,20160830,",34
"344,20160831,",33
"344,20160901,",33
"344,20160902,",21
"344,20160903,",23
"344,20160904,",19
"344,20160905,",33
"344,20160906,",14
"344,20160907,",34
"344,20160908,",32
"344,20160909,",31
"344,20160910,",30
"344,20160911,",19
"344,20160912,",32
"344,20160913,",32
"344,20160914,",31
"344,20160915,",29
"344,20160916,",16
"344,20160917,",20
"344,20160918,",23
"344,20160919,",12
"344,20160920,",21
"344,20160921,",17
"344,20160922,",17
"344,20160923,",25
"344,20160924,",26
"344,20160925,",17
"344,20160926,",12
"344,20160927,",24
"344,20160928,",23
"344,20160929,",5
"344,20160930,",18
"344,20161001,",15
"344,20161002,",11
"344,20161003,",15
"344,20161004,",13
"344,20161005,",20
"344,20161006,",16
"344,20161007,",10
"344,20161008,",16
"344,20161009,",16
"344,20161010,",12
"344,20161011,",9
"344,20161012,",8
"344,20161013,",11
"344,20161014,",10
"344,20161015,",7
"344,20161016,",16
"344,20161017,",10
"344,20161018,",5
"344,20161019,",9
"344,20161020,",6
"344,20161021,",10
"344,20161022,",7
"344,20161023,",11
"344,20161024,",5
"344,20161025,",3
"344,20161026,",6
"344,20161027,",6
"344,20161028,",3
"344,20161029,",10
"344,20161030,",8
"344,20161031,",10
"344,20161101,",4
"344,20161102,",7
"344,20161103,",5
"344,20161104,",5
"344,20161105,",5
"344,20161106,",4
"344,20161107,",2
"344,20161108,",5
"344,20161109,",1
"344,20161110,",3
"344,20161111,",7
"344,20161112,",3
"344,20161113,",2
"344,20161114,",2
"344,20161115,",2
"344,20161116,",5
"344,20161117,",4
"344,20161118,",3
"344,20161119,",5
"344,20161120,",1
"344,20161121,",3
"344,20161122,",6
"344,20161123,",1
"344,20161124,",5
"344,20161125,",6
"344,20161126,",3
"344,20161127,",4
"344,20161128,",5
"344,20161129,",5
"344,20161130,",4
"344,20161201,",1
"344,20161202,",3
"344,20161203,",3
"344,20161204,",5
"344,20161205,",4
"344,20161206,",4
"344,20161207,",3
"344,20161208,",3
"344,20161209,",2
"344,20161210,",1
"344,20161211,",3
"344,20161212,",3
"344,20161213,",1
"344,20161214,",4
"344,20161215,",2
"344,20161216,",3
"344,20161217,",1
"344,20161218,",3
"344,20161219,",3
"344,20161220,",4
"344,20161221,",2
"344,20161222,",2
"344,20161223,",2
"344,20161224,",3
"344,20161225,",1
"344,20161226,",5
"344,20161227,",4
"344,20161228,",2
"344,20161229,",1
"344,20161230,",3
"344,20161231,",1
"344,20170101,",1
"344,20170102,",4
"344,20170103,",2
"344,20170104,",3
"344,20170105,",4
"344,20170106,",4
"344,20170107,",1
"344,20170108,",3
"344,20170109,",1
"344,20170110,",2
"344,20170111,",4
"344,20170112,",2
"344,20170113,",2
"344,20170114,",3
"344,20170115,",3
"344,20170116,",4
"344,20170117,",4
"344,20170118,",3
"344,20170119,",6
"344,20170120,",5
"344,20170121,",6
"344,20170122,",5
"344,20170123,",2
"344,20170124,",5
"344,20170125,",2
"344,20170126,",4
"344,20170127,",5
"344,20170128,",5
"344,20170129,",4
"344,20170130,",2
"344,20170131,",3
"344,20170201,",2
"344,20170202,",7
"344,20170203,",7
"344,20170204,",3
"344,20170205,",5
"344,20170206,",3
"344,20170207,",2
"344,20170208,",1
"344,20170209,",1
"344,20170210,",2
"344,20170211,",2
"344,20170212,",5
"344,20170213,",9
"344,20170214,",10
"344,20170215,",10
"344,20170216,",5
"344,20170217,",5
"344,20170218,",7
"344,20170219,",4
"344,20170220,",3
"344,20170221,",12
"344,20170222,",3
"344,20170223,",3
"344,20170224,",11
"344,20170225,",6
"344,20170226,",3
"344,20170227,",3
"344,20170228,",6
"344,20170301,",8
"344,20170302,",7
"344,20170303,",5
"344,20170304,",5
"344,20170305,",9
"344,20170306,",9
"344,20170307,",9
"344,20170308,",3
"344,20170309,",13
"344,20170310,",15
"344,20170311,",10
"344,20170312,",19
"344,20170313,",15
"344,20170314,",12
"344,20170315,",18
"344,20170316,",20
"344,20170317,",12
"344,20170318,",7
"344,20170319,",14
"344,20170320,",3
"344,20170321,",18
"344,20170322,",21
"344,20170323,",21
"344,20170324,",23
"344,20170325,",24
"344,20170326,",20
"344,20170327,",26
"344,20170328,",25
"344,20170329,",14
"344,20170330,",25
"344,20170331,",19
"344,20170401,",10
"344,20170402,",28
"344,20170403,",19
"344,20170404,",27
"344,20170405,",20
"344,20170406,",17
"344,20170407,",22
"344,20170408,",27
"344,20170409,",33
"344,20170410,",20
"344,20170411,",28
"344,20170412,",11
"344,20170413,",23
"344,20170414,",12
"344,20170415,",23
"344,20170416,",16
"344,20170417,",24
"344,20170418,",21
"344,20170419,",20
"344,20170420,",30
"344,20170421,",17
"344,20170422,",20
"344,20170423,",19
"344,20170424,",19
"344,20170425,",26
"344,20170426,",26
"344,20170427,",23
"344,20170428,",22
"344,20170429,",21
"344,20170430,",34
"344,20170501,",14
"344,20170502,",8
"344,20170503,",14
"344,20170504,",31
"344,20170505,",14
"344,20170506,",39
"344,20170507,",16
"344,20170508,",23
"344,20170509,",31
"344,20170510,",35
"344,20170511,",39
"344,20170512,",19
"344,20170513,",16
"344,20170514,",36
"344,20170515,",34
"344,20170516,",32
"344,20170517,",46
"344,20170518,",26
"344,20170519,",16
"344,20170520,",32
"344,20170521,",36
"344,20170522,",45
"344,20170523,",42
"344,20170524,",41
"344,20170525,",49
"344,20170526,",53
"344,20170527,",48
"344,20170528,",42
"344,20170529,",42
"344,20170530,",26
"344,20170531,",49
"344,20170601,",47
"344,20170602,",49
"344,20170603,",36
"344,20170604,",46
"344,20170605,",40
"344,20170606,",18
"344,20170607,",21
"344,20170608,",32
"344,20170609,",34
"344,20170610,",45
"344,20170611,",44
"344,20170612,",32
"344,20170613,",47
"344,20170614,",52
"344,20170615,",47
"344,20170616,",35
"344,20170617,",40
"344,20170618,",55
"344,20170619,",55
"344,20170620,",46
"344,20170621,",51
"344,20170622,",38
"344,20170623,",42
"344,20170624,",9
"344,20170625,",15
"344,20170626,",48
"344,20170627,",31
"344,20170628,",12
"344,20170629,",18
"344,20170630,",25
"344,20170701,",14
"344,20170702,",32
"344,20170703,",31
"344,20170704,",32
"344,20170705,",47
"344,20170706,",34
"344,20170707,",44
"344,20170708,",41
"344,20170709,",47
"344,20170710,",28
"344,20170711,",23
"344,20170712,",25
"344,20170713,",27
"344,20170714,",27
"344,20170715,",31
"344,20170716,",15
"344,20170717,",50
"344,20170718,",49
"344,20170719,",37
"344,20170720,",23
"344,20170721,",48
"344,20170722,",33
"344,20170723,",29
"344,20170724,",26
"344,20170725,",32
"344,20170726,",38
"344,20170727,",34
"344,20170728,",24
"344,20170729,",16
"344,20170730,",30
"344,20170731,",28
"344,20170801,",30
"344,20170802,",21
"344,20170803,",34
"344,20170804,",36
"344,20170805,",25
"344,20170806,",33
"344,20170807,",35
"344,20170808,",8
"344,20170809,",34
"344,20170810,",15
"344,20170811,",34
"344,20170812,",18
"344,20170813,",38
"344,20170814,",32
"344,20170815,",10
"344,20170816,",31
"344,20170817,",9
"344,20170818,",22
"344,20170819,",29
"344,20170820,",27
"344,20170821,",25
"344,20170822,",32
"344,20170823,",30
"344,20170824,",29
"344,20170825,",28
"344,20170826,",30
"344,20170827,",33
"344,20170828,",33
"344,20170829,",31
"344,20170830,",6
"344,20170831,",26
"344,20170901,",17
"344,20170902,",25
"344,20170903,",27
"344,20170904,",17
"344,20170905,",13
"344,20170906,",20
"344,20170907,",17
"344,20170908,",4
"344,20170909,",17
"344,20170910,",18
"344,20170911,",13
"344,20170912,",24
"344,20170913,",19
"344,20170914,",8
"344,20170915,",22
"344,20170916,",7
"344,20170917,",22
"344,20170918,",13
"344,20170919,",19
"344,20170920,",19
"344,20170921,",21
"344,20170922,",15
"344,20170923,",21
"344,20170924,",22
"344,20170925,",16
"344,20170926,",13
"344,20170927,",19
"344,20170928,",12
"344,20170929,",13
"344,20170930,",7
"344,20171001,",11
"344,20171002,",12
"344,20171003,",12
"344,20171004,",9
"344,20171005,",14
"344,20171006,",13
"344,20171007,",4
"344,20171008,",11
"344,20171009,",3
"344,20171010,",6
"344,20171011,",7
"344,20171012,",13
"344,20171013,",10
"344,20171014,",15
"344,20171015,",17
"344,20171016,",16
"344,20171017,",6
"344,20171018,",14
"344,20171019,",12
"344,20171020,",4
"344,20171021,",11
"344,20171022,",5
"344,20171023,",11
"344,20171024,",3
"344,20171025,",6
"344,20171026,",9
"344,20171027,",11
"344,20171028,",4
"344,20171029,",9
"344,20171030,",8
"344,20171031,",5
"344,20171101,",6
"344,20171102,",3
"344,20171103,",6
"344,20171104,",5
"344,20171105,",6
"344,20171106,",7
"344,20171107,",8
"344,20171108,",2
"344,20171109,",5
"344,20171110,",6
"344,20171111,",4
"344,20171112,",3
"344,20171113,",6
"344,20171114,",3
"344,20171115,",2
"344,20171116,",2
"344,20171117,",6
"344,20171118,",3
"344,20171119,",6
"344,20171120,",1
"344,20171121,",2
"344,20171122,",6
"344,20171123,",3
"344,20171124,",3
"344,20171125,",3
"344,20171126,",4
"344,20171127,",1
"344,20171128,",4
"344,20171129,",4
"344,20171130,",2
"344,20171201,",3
"344,20171202,",2
"344,20171203,",1
"344,20171204,",4
"344,20171205,",1
"344,20171206,",2
"344,20171207,",1
"344,20171208,",2
"344,20171209,",2
"344,20171210,",0
"344,20171211,",1
"344,20171212,",3
"344,20171213,",1
"344,20171214,",2
"344,20171215,",1
"344,20171216,",3
"344,20171217,",4
"344,20171218,",3
"344,20171219,",3
"344,20171220,",1
"344,20171221,",2
"344,20171222,",1
"344,20171223,",1
"344,20171224,",1
"344,20171225,",1
"344,20171226,",3
"344,20171227,",2
"344,20171228,",3
"344,20171229,",1
"344,20171230,",1
"344,20171231,",1
"344,20180101,",3
"344,20180102,",2
"344,20180103,",1
"344,20180104,",2
"344,20180105,",2
"344,20180106,",3
"344,20180107,",5
"344,20180108,",3
"344,20180109,",2
"344,20180110,",1
"344,20180111,",2
"344,20180112,",1
"344,20180113,",2
"344,20180114,",5
"344,20180115,",1
"344,20180116,",3
"344,20180117,",3
"344,20180118,",2
"344,20180119,",5
"344,20180120,",2
"344,20180121,",4
"344,20180122,",3
"344,20180123,",3
"344,20180124,",2
"344,20180125,",3
"344,20180126,",4
"344,20180127,",5
"344,20180128,",5
"344,20180129,",3
"344,20180130,",6
"344,20180131,",2
"344,20180201,",4
"344,20180202,",4
"344,20180203,",2
"344,20180204,",6
"344,20180205,",6
"344,20180206,",8
"344,20180207,",8
"344,20180208,",6
"344,20180209,",3
"344,20180210,",8
"344,20180211,",5
"344,20180212,",7
"344,20180213,",10
"344,20180214,",9
"344,20180215,",6
"344,20180216,",11
"344,20180217,",9
"344,20180218,",11
"344,20180219,",3
"344,20180220,",5
"344,20180221,",10
"344,20180222,",11
"344,20180223,",11
"344,20180224,",10
"344,20180225,",12
"344,20180226,",10
"344,20180227,",10
"344,20180228,",7
"344,20180301,",6
"344,20180302,",5
"344,20180303,",6
"344,20180304,",10
"344,20180305,",15
"344,20180306,",9
"344,20180307,",8
"344,20180308,",7
"344,20180309,",11
"344,20180310,",10
"344,20180311,",10
"344,20180312,",10
"344,20180313,",4
"344,20180314,",17
"344,20180315,",8
"344,20180316,",2
"344,20180317,",5
"344,20180318,",13
"344,20180319,",17
"344,20180320,",20
"344,20180321,",15
"344,20180322,",9
"344,20180323,",8
"344,20180324,",13
"344,20180325,",15
"344,20180326,",17
"344,20180327,",6
"344,20180328,",4
"344,20180329,",19
"344,20180330,",13
"344,20180331,",11
"344,20180401,",5
"344,20180402,",11
"344,20180403,",18
"344,20180404,",14
"344,20180405,",17
"344,20180406,",28
"344,20180407,",29
"344,20180408,",24
"344,20180409,",13
"344,20180410,",23
"344,20180411,",13
"344,20180412,",9
"344,20180413,",14
"344,20180414,",21
"344,20180415,",20
"344,20180416,",27
"344,20180417,",33
"344,20180418,",38
"344,20180419,",39
"344,20180420,",38
"344,20180421,",36
"344,20180422,",33
"344,20180423,",30
"344,20180424,",15
"344,20180425,",23
"344,20180426,",29
"344,20180427,",17
"344,20180428,",10
"344,20180429,",7
"344,20180430,",5
"344,20180501,",28
"344,20180502,",34
"344,20180503,",38
"344,20180504,",40
"344,20180505,",43
"344,20180506,",46
"344,20180507,",47
"344,20180508,",46
"344,20180509,",40
"344,20180510,",29
"344,20180511,",38
"344,20180512,",36
"344,20180513,",18
"344,20180514,",38
"344,20180515,",47
"344,20180516,",33
"344,20180517,",40
"344,20180518,",24
"344,20180519,",10
"344,20180520,",43
"344,20180521,",46
"344,20180522,",28
"344,20180523,",24
"344,20180524,",16
"344,20180525,",37
"344,20180526,",50
"344,20180527,",28
"344,20180528,",49
"344,20180529,",37
"344,20180530,",36
"344,20180531,",35
"344,20180601,",17
"344,20180602,",13
"344,20180603,",47
"344,20180604,",31
"344,20180605,",34
"344,20180606,",52
"344,20180607,",38
"344,20180608,",23
"344,20180609,",41
"344,20180610,",45
"344,20180611,",50
"344,20180612,",15
"344,20180613,",40
"344,20180614,",21
"344,20180615,",38
"344,20180616,",31
"344,20180617,",26
"344,20180618,",19
"344,20180619,",19
"344,20180620,",34
"344,20180621,",31
"344,20180622,",18
"344,20180623,",42
"344,20180624,",37
"344,20180625,",42
"344,20180626,",51
"344,20180627,",49
"344,20180628,",54
"344,20180629,",53
"344,20180630,",56
"344,20180701,",57
"344,20180702,",57
"344,20180703,",54
"344,20180704,",49
"344,20180705,",51
"344,20180706,",45
"344,20180707,",45
"344,20180708,",50
"344,20180709,",32
"344,20180710,",12
"344,20180711,",35
"344,20180712,",45
"344,20180713,",48
"344,20180714,",50
"344,20180715,",52
"344,20180716,",46
"344,20180717,",49
"344,20180718,",36
"344,20180719,",45
"344,20180720,",43
"344,20180721,",48
"344,20180722,",44
"344,20180723,",51
"344,20180724,",48
"344,20180725,",36
"344,20180726,",45
"344,20180727,",43
"344,20180728,",39
"344,20180729,",27
"344,20180730,",36
"344,20180731,",41
"344,20180801,",41
"344,20180802,",47
"344,20180803,",48
"344,20180804,",41
"344,20180805,",47
"344,20180806,",47
"344,20180807,",42
"344,20180808,",21
"344,20180809,",9
"344,20180810,",29
"344,20180811,",35
"344,20180812,",29
"344,20180813,",19
"344,20180814,",25
"344,20180815,",13
"344,20180816,",18
"344,20180817,",40
"344,20180818,",18
"344,20180819,",16
"344,20180820,",27
"344,20180821,",26
"344,20180822,",33
"344,20180823,",14
"344,20180824,",28
"344,20180825,",23
"344,20180826,",23
"344,20180827,",14
"344,20180828,",18
"344,20180829,",8
"344,20180830,",27
"344,20180831,",28
"344,20180901,",23
"344,20180902,",32
"344,20180903,",14
"344,20180904,",15
"344,20180905,",18
"344,20180906,",11
"344,20180907,",28
"344,20180908,",18
"344,20180909,",21
"344,20180910,",19
"344,20180911,",21
"344,20180912,",8
"344,20180913,",26
"344,20180914,",21
"344,20180915,",24
"344,20180916,",20
"344,20180917,",27
"344,20180918,",28
"344,20180919,",18
"344,20180920,",19
"344,20180921,",19
"344,20180922,",8
"344,20180923,",4
"344,20180924,",18
"344,20180925,",20
"344,20180926,",23
"344,20180927,",24
"344,20180928,",17
"344,20180929,",20
"344,20180930,",18
"344,20181001,",15
"344,20181002,",11
"344,20181003,",19
"344,20181004,",11
"344,20181005,",20
"344,20181006,",17
"344,20181007,",14
"344,20181008,",15
"344,20181009,",18
"344,20181010,",19
"344,20181011,",15
"344,20181012,",16
"344,20181013,",19
"344,20181014,",17
"344,20181015,",15
"344,20181016,",16
"344,20181017,",12
"344,20181018,",12
"344,20181019,",14
"344,20181020,",10
"344,20181021,",9
"344,20181022,",11
"344,20181023,",6
"344,20181024,",7
"344,20181025,",3
"344,20181026,",4
"344,20181027,",7
"344,20181028,",10
"344,20181029,",2
"344,20181030,",2
"344,20181031,",8
"344,20181101,",4
"344,20181102,",10
"344,20181103,",7
"344,20181104,",9
"344,20181105,",8
"344,20181106,",8
"344,20181107,",3
"344,20181108,",9
"344,20181109,",5
"344,20181110,",3
"344,20181111,",4
"344,20181112,",3
"344,20181113,",7
"344,20181114,",7
"344,20181115,",7
"344,20181116,",2
"344,20181117,",7
"344,20181118,",6
"344,20181119,",4
"344,20181120,",2
"344,20181121,",3
"344,20181122,",2
"344,20181123,",4
"344,20181124,",1
"344,20181125,",1
"344,20181126,",2
"344,20181127,",1
"344,20181128,",1
"344,20181129,",2
"344,20181130,",5
"344,20181201,",3
"344,20181202,",1
"344,20181203,",3
"344,20181204,",4
"344,20181205,",1
"344,20181206,",1
"344,20181207,",1
"344,20181208,",2
"344,20181209,",3
"344,20181210,",3
"344,20181211,",5
"344,20181212,",5
"344,20181213,",4
"344,20181214,",4
"344,20181215,",2
"344,20181216,",1
"344,20181217,",2
"344,20181218,",3
"344,20181219,",2
"344,20181220,",1
"344,20181221,",1
"344,20181222,",3
"344,20181223,",1
"344,20181224,",3
"344,20181225,",4
"344,20181226,",1
"344,20181227,",2
"344,20181228,",1
"344,20181229,",1
"344,20181230,",2
"344,20181231,",3
"344,20190101,",2
"344,20190102,",2
"344,20190103,",3
"344,20190104,",1
"344,20190105,",1
"344,20190106,",1
"344,20190107,",2
"344,20190108,",2
"344,20190109,",4
"344,20190110,",2
"344,20190111,",3
"344,20190112,",1
"344,20190113,",1
"344,20190114,",4
"344,20190115,",2
"344,20190116,",1
"344,20190117,",3
"344,20190118,",4
"344,20190119,",6
"344,20190120,",5
"344,20190121,",5
"344,20190122,",2
"344,20190123,",4
"344,20190124,",3
"344,20190125,",2
"344,20190126,",2
"344,20190127,",2
"344,20190128,",4
"344,20190129,",5
"344,20190130,",2
"344,20190131,",2
"344,20190201,",2
"344,20190202,",3
"344,20190203,",6
"344,20190204,",2
"344,20190205,",2
"344,20190206,",2
"344,20190207,",9
"344,20190208,",3
"344,20190209,",8
"344,20190210,",2
"344,20190211,",7
"344,20190212,",9
"344,20190213,",6
"344,20190214,",12
"344,20190215,",12
"344,20190216,",12
"344,20190217,",12
"344,20190218,",11
"344,20190219,",12
"344,20190220,",12
"344,20190221,",6
"344,20190222,",7
"344,20190223,",14
"344,20190224,",14
"344,20190225,",15
"344,20190226,",15
"344,20190227,",16
"344,20190228,",9
"344,20190301,",6
"344,20190302,",8
"344,20190303,",3
"344,20190304,",12
"344,20190305,",12
"344,20190306,",3
"344,20190307,",13
"344,20190308,",14
"344,20190309,",9
"344,20190310,",5
"344,20190311,",10
"344,20190312,",6
"344,20190313,",5
"344,20190314,",9
"344,20190315,",6
"344,20190316,",7
"344,20190317,",12
"344,20190318,",14
"344,20190319,",13
"344,20190320,",9
"344,20190321,",7
"344,20190322,",20
"344,20190323,",10
"344,20190324,",20
"344,20190325,",17
"344,20190326,",17
"344,20190327,",12
"344,20190328,",8
"344,20190329,",23
"344,20190330,",22
"344,20190331,",19
"344,20190401,",26
"344,20190402,",13
"344,20190403,",17
"344,20190404,",15
"344,20190405,",25
"344,20190406,",12
"344,20190407,",30
"344,20190408,",27
"344,20190409,",24
"344,20190410,",29
"344,20190411,",27
"344,20190412,",19
"344,20190413,",22
"344,20190414,",21
"344,20190415,",29
"344,20190416,",31
"344,20190417,",16
"344,20190418,",36
"344,20190419,",37
"344,20190420,",39
"344,20190421,",38
"344,20190422,",39
"344,20190423,",32
"344,20190424,",30
"344,20190425,",16
"344,20190426,",29
"344,20190427,",18
"344,20190428,",21
"344,20190429,",30
"344,20190430,",12
"344,20190501,",13
"344,20190502,",14
"344,20190503,",17
"344,20190504,",26
"344,20190505,",27
"344,20190506,",17
"344,20190507,",20
"344,20190508,",15
"344,20190509,",33
"344,20190510,",28
"344,20190511,",38
"344,20190512,",32
"344,20190513,",41
"344,20190514,",41
"344,20190515,",43
"344,20190516,",37
"344,20190517,",19
"344,20190518,",38
"344,20190519,",20
"344,20190520,",11
"344,20190521,",13
"344,20190522,",41
"344,20190523,",46
"344,20190524,",45
"344,20190525,",27
"344,20190526,",32
"344,20190527,",40
"344,20190528,",21
"344,20190529,",42
"344,20190530,",27
"344,20190531,",37
"344,20190601,",50
"344,20190602,",50
"344,20190603,",27
"344,20190604,",34
"344,20190605,",16
"344,20190606,",41
"344,20190607,",23
"344,20190608,",28
"344,20190609,",39
"344,20190610,",25
"344,20190611,",37
"344,20190612,",7
"344,20190613,",24
"344,20190614,",36
"344,20190615,",20
"344,20190616,",33
"344,20190617,",51
"344,20190618,",47
"344,20190619,",24
"344,20190620,",31
"344,20190621,",42
"344,20190622,",47
"344,20190623,",49
"344,20190624,",52
"344,20190625,",50
"344,20190626,",32
"344,20190627,",52
"344,20190628,",48
"344,20190629,",59
"344,20190630,",50
"344,20190701,",45
"344,20190702,",42
"344,20190703,",39
"344,20190704,",48
"344,20190705,",41
"344,20190706,",32
"344,20190707,",37
"344,20190708,",25
"344,20190709,",36
"344,20190710,",13
"344,20190711,",40
"344,20190712,",21
"344,20190713,",24
"344,20190714,",22
"344,20190715,",15
"344,20190716,",28
"344,20190717,",46
"344,20190718,",25
"344,20190719,",31
"344,20190720,",23
"344,20190721,",42
"344,20190722,",48
"344,20190723,",52
"344,20190724,",49
"344,20190725,",51
"344,20190726,",46
"344,20190727,",16
"344,20190728,",7
"344,20190729,",40
"344,20190730,",45
"344,20190731,",22
"344,20190801,",30
"344,20190802,",23
"344,20190803,",28
"344,20190804,",31
"344,20190805,",36
"344,20190806,",35
"344,20190807,",39
"344,20190808,",40
"344,20190809,",14
"344,20190810,",31
"344,20190811,",19
"344,20190812,",18
"344,20190813,",27
"344,20190814,",27
"344,20190815,",22
"344,20190816,",20
"344,20190817,",14
"344,20190818,",18
"344,20190819,",32
"344,20190820,",31
"344,20190821,",34
"344,20190822,",39
"344,20190823,",38
"344,20190824,",40
"344,20190825,",39
"344,20190826,",37
"344,20190827,",36
"344,20190828,",23
"344,20190829,",22
"344,20190830,",32
"344,20190831,",32
"344,20190901,",28
"344,20190902,",32
"344,20190903,",16
"344,20190904,",9
"344,20190905,",20
"344,20190906,",18
"344,20190907,",17
"344,20190908,",21
"344,20190909,",18
"344,20190910,",21
"344,20190911,",5
"344,20190912,",27
"344,20190913,",25
"344,20190914,",26
"344,20190915,",25
"344,20190916,",9
"344,20190917,",18
"344,20190918,",17
"344,20190919,",14
"344,20190920,",23
"344,20190921,",27
"344,20190922,",24
"344,20190923,",16
"344,20190924,",8
"344,20190925,",11
"344,20190926,",4
"344,20190927,",12
"344,20190928,",12
"344,20190929,",5
"344,20190930,",15
"344,20191001,",10
"344,20191002,",14
"344,20191003,",10
"344,20191004,",6
"344,20191005,",13
"344,20191006,",3
"344,20191007,",6
"344,20191008,",7
"344,20191009,",10
"344,20191010,",15
"344,20191011,",4
"344,20191012,",4
"344,20191013,",8
"344,20191014,",7
"344,20191015,",6
"344,20191016,",6
"344,20191017,",13
"344,20191018,",9
"344,20191019,",9
"344,20191020,",6
"344,20191021,",4
"344,20191022,",8
"344,20191023,",8
"344,20191024,",10
"344,20191025,",8
"344,20191026,",12
"344,20191027,",8
"344,20191028,",8
"344,20191029,",10
"344,20191030,",8
"344,20191031,",10
"344,20191101,",3
"344,20191102,",7
"344,20191103,",5
"344,20191104,",5
"344,20191105,",4
"344,20191106,",6
"344,20191107,",2
"344,20191108,",9
"344,20191109,",5
"344,20191110,",8
"344,20191111,",1
"344,20191112,",3
"344,20191113,",2
"344,20191114,",3
"344,20191115,",1
"344,20191116,",4
"344,20191117,",6
"344,20191118,",1
"344,20191119,",3
"344,20191120,",6
"344,20191121,",2
"344,20191122,",6
"344,20191123,",3
"344,20191124,",5
"344,20191125,",6
"344,20191126,",2
"344,20191127,",2
"344,20191128,",2
"344,20191129,",4
"344,20191130,",5
"344,20191201,",4
"344,20191202,",3
"344,20191203,",5
"344,20191204,",5
"344,20191205,",3
"344,20191206,",1
"344,20191207,",2
"344,20191208,",3
"344,20191209,",2
"344,20191210,",4
"344,20191211,",3
"344,20191212,",4
"344,20191213,",1
"344,20191214,",2
"344,20191215,",3
"344,20191216,",1
"344,20191217,",2
"344,20191218,",5
"344,20191219,",3
"344,20191220,",1
"344,20191221,",2
"344,20191222,",1
"344,20191223,",2
"344,20191224,",2
"344,20191225,",2
"344,20191226,",1
"344,20191227,",5
"344,20191228,",3
"344,20191229,",2
"344,20191230,",5
"344,20191231,",4
"344,20200101,",1
"344,20200102,",1
"344,20200103,",1
"344,20200104,",3
"344,20200105,",1
"344,20200106,",5
"344,20200107,",3
"344,20200108,",2
"344,20200109,",1
"344,20200110,",3
"344,20200111,",3
"344,20200112,",1
"344,20200113,",4
"344,20200114,",1
"344,20200115,",1
"344,20200116,",6
"344,20200117,",2
"344,20200118,",4
"344,20200119,",6
"344,20200120,",3
"344,20200121,",2
"344,20200122,",2
"344,20200123,",3
"344,20200124,",3
"344,20200125,",2
"344,20200126,",5
"344,20200127,",3
"344,20200128,",4
"344,20200129,",5
"344,20200130,",5
"344,20200131,",2
"344,20200201,",6
"344,20200202,",2
"344,20200203,",6
"344,20200204,",3
"344,20200205,",8
"344,20200206,",7
"344,20200207,",10
"344,20200208,",2
"344,20200209,",2
"344,20200210,",8
"344,20200211,",6
"344,20200212,",7
"344,20200213,",3
"344,20200214,",6
"344,20200215,",6
"344,20200216,",3
"344,20200217,",8
"344,20200218,",7
"344,20200219,",10
"344,20200220,",5
"344,20200221,",7
"344,20200222,",4
"344,20200223,",3
"344,20200224,",2
"344,20200225,",11
"344,20200226,",5
"344,20200227,",3
"344,20200228,",6
"344,20200229,",8
"344,20200301,",8
"344,20200302,",3
"344,20200303,",12
"344,20200304,",16
"344,20200305,",3
"344,20200306,",8
"344,20200307,",14
"344,20200308,",5
"344,20200309,",11
"344,20200310,",3
"344,20200311,",13
"344,20200312,",18
"344,20200313,",9
"344,20200314,",13
"344,20200315,",6
"344,20200316,",16
"344,20200317,",21
"344,20200318,",11
"344,20200319,",5
"344,20200320,",8
"344,20200321,",22
"344,20200322,",23
"344,20200323,",23
"344,20200324,",24
"344,20200325,",25
"344,20200326,",24
"344,20200327,",24
"344,20200328,",24
"344,20200329,",22
"344,20200330,",14
"344,20200331,",25
"344,20200401,",14
"344,20200402,",16
"344,20200403,",19
"344,20200404,",29
"344,20200405,",33
"344,20200406,",27
"344,20200407,",32
"344,20200408,",31
"344,20200409,",29
"344,20200410,",32
"344,20200411,",34
"344,20200412,",28
"344,20200413,",25
"344,20200414,",16
"344,20200415,",29
"344,20200416,",33
"344,20200417,",32
"344,20200418,",10
"344,20200419,",37
"344,20200420,",38
"344,20200421,",40
"344,20200422,",40
"344,20200423,",39
"344,20200424,",36
"344,20200425,",24
"344,20200426,",33
"344,20200427,",37
"344,20200428,",5
"344,20200429,",17
"344,20200430,",29
"344,20200501,",24
"344,20200502,",31
"344,20200503,",25
"344,20200504,",36
"344,20200505,",38
"344,20200506,",40
"344,20200507,",39
"344,20200508,",37
"344,20200509,",45
"344,20200510,",22
"344,20200511,",34
"344,20200512,",25
"344,20200513,",25
"344,20200514,",27
"344,20200515,",40
"344,20200516,",31
"344,20200517,",41
"344,20200518,",43
"344,20200519,",45
"344,20200520,",37
"344,20200521,",48
"344,20200522,",27
"344,20200523,",41
"344,20200524,",10
"344,20200525,",47
"344,20200526,",47
"344,20200527,",48
"344,20200528,",49
"344,20200529,",48
"344,20200530,",50
"344,20200531,",51
"344,20200601,",47
"344,20200602,",47
"344,20200603,",38
"344,20200604,",16
"344,20200605,",17
"344,20200606,",29
"344,20200607,",22
"344,20200608,",28
"344,20200609,",26
"344,20200610,",19
"344,20200611,",15
"344,20200612,",36
"344,20200613,",46
"344,20200614,",16
"344,20200615,",42
"344,20200616,",23
"344,20200617,",39
"344,20200618,",30
"344,20200619,",34
"344,20200620,",47
"344,20200621,",31
"344,20200622,",53
"344,20200623,",53
"344,20200624,",54
"344,20200625,",56
"344,20200626,",49
"344,20200627,",25
"344,20200628,",43
"344,20200629,",23
"344,20200630,",19
"344,20200701,",31
"344,20200702,",36
"344,20200703,",37
"344,20200704,",9
"344,20200705,",24
"344,20200706,",25
"344,20200707,",36
"344,20200708,",13
"344,20200709,",10
"344,20200710,",26
"344,20200711,",41
"344,20200712,",37
"344,20200713,",49
"344,20200714,",11
"344,20200715,",35
"344,20200716,",23
"344,20200717,",25
"344,20200718,",43
"344,20200719,",30
"344,20200720,",41
"344,20200721,",45
"344,20200722,",37
"344,20200723,",39
"344,20200724,",31
"344,20200725,",13
"344,20200726,",38
"344,20200727,",21
"344,20200728,",38
"344,20200729,",36
"344,20200730,",46
"344,20200731,",52
"344,20200801,",29
"344,20200802,",40
"344,20200803,",15
"344,20200804,",42
"344,20200805,",46
"344,20200806,",46
"344,20200807,",49
"344,20200808,",43
"344,20200809,",46
"344,20200810,",39
"344,20200811,",37
"344,20200812,",43
"344,20200813,",34
"344,20200814,",29
"344,20200815,",28
"344,20200816,",32
"344,20200817,",27
"344,20200818,",32
"344,20200819,",32
"344,20200820,",25
"344,20200821,",41
"344,20200822,",24
"344,20200823,",21
"344,20200824,",30
"344,20200825,",13
"344,20200826,",9
"344,20200827,",16
"344,20200828,",18
"344,20200829,",18
"344,20200830,",15
"344,20200831,",25
"344,20200901,",13
"344,20200902,",25
"344,20200903,",8
"344,20200904,",23
"344,20200905,",24
"344,20200906,",27
"344,20200907,",26
"344,20200908,",6
"344,20200909,",13
"344,20200910,",18
"344,20200911,",24
"344,20200912,",16
"344,20200913,",28
"344,20200914,",30
"344,20200915,",30
"344,20200916,",20
"344,20200917,",26
"344,20200918,",27
"344,20200919,",27
"344,20200920,",27
"344,20200921,",26
"344,20200922,",24
"344,20200923,",11
"344,20200924,",14
"344,20200925,",11
"344,20200926,",15
"344,20200927,",12
"344,20200928,",2
"344,20200929,",19
"344,20200930,",11
"344,20201001,",4
"344,20201002,",9
"344,20201003,",3
"344,20201004,",13
"344,20201005,",8
"344,20201006,",8
"344,20201007,",7
"344,20201008,",3
"344,20201009,",12
"344,20201010,",7
"344,20201011,",11
"344,20201012,",11
"344,20201013,",10
"344,20201014,",8
"344,20201015,",10
"344,20201016,",10
"344,20201017,",6
"344,20201018,",7
"344,20201019,",7
"344,20201020,",3
"344,20201021,",6
"344,20201022,",10
"344,20201023,",10
"344,20201024,",8
"344,20201025,",3
"344,20201026,",9
"344,20201027,",5
"344,20201028,",4
"344,20201029,",4
"344,20201030,",5
"344,20201031,",7
"344,20201101,",4
"344,20201102,",4
"344,20201103,",8
"344,20201104,",11
"344,20201105,",8
"344,20201106,",10
"344,20201107,",8
"344,20201108,",5
"344,20201109,",9
"344,20201110,",6
"344,20201111,",5
"344,20201112,",6
"344,20201113,",3
"344,20201114,",5
"344,20201115,",2
"344,20201116,",2
"344,20201117,",3
"344,20201118,",9
"344,20201119,",3
"344,20201120,",4
"344,20201121,",2
"344,20201122,",4
"344,20201123,",7
"344,20201124,",4
"344,20201125,",5
"344,20201126,",1
"344,20201127,",1
"344,20201128,",5
"344,20201129,",4
"344,20201130,",1
"344,20201201,",4
"344,20201202,",2
"344,20201203,",1
"344,20201204,",1
"344,20201205,",4
"344,20201206,",2
"344,20201207,",2
"344,20201208,",3
"344,20201209,",1
"344,20201210,",4
"344,20201211,",1
"344,20201212,",2
"344,20201213,",3
"344,20201214,",3
"344,20201215,",2
"344,20201216,",4
"344,20201217,",3
"344,20201218,",5
"344,20201219,",2
"344,20201220,",2
"344,20201221,",1
"344,20201222,",2
"344,20201223,",1
"344,20201224,",2
"344,20201225,",3
"344,20201226,",2
"344,20201227,",1
"344,20201228,",1
"344,20201229,",2
"344,20201230,",2
"344,20201231,",3
"344,20210101,",2
"344,20210102,",3
"344,20210103,",1
"344,20210104,",1
"344,20210105,",1
"344,20210106,",2
"344,20210107,",2
"344,20210108,",2
"344,20210109,",4
"344,20210110,",4
"344,20210111,",1
"344,20210112,",4
"344,20210113,",5
"344,20210114,",2
"344,20210115,",1
"344,20210116,",1
"344,20210117,",3
"344,20210118,",2
"344,20210119,",2
"344,20210120,",3
"344,20210121,",5
"344,20210122,",5
"344,20210123,",2
"344,20210124,",4
"344,20210125,",6
"344,20210126,",5
"344,20210127,",2
"344,20210128,",1
"344,20210129,",4
"344,20210130,",3
"344,20210131,",6
"344,20210201,",2
"344,20210202,",2
"344,20210203,",1
"344,20210204,",6
"344,20210205,",3
"344,20210206,",1
"344,20210207,",1
"344,20210208,",3
"344,20210209,",6
"344,20210210,",7
"344,20210211,",9
"344,20210212,",8
"344,20210213,",8
"344,20210214,",8
"344,20210215,",2
"344,20210216,",6
"344,20210217,",6
"344,20210218,",6
"344,20210219,",9
"344,20210220,",13
"344,20210221,",12
"344,20210222,",11
"344,20210223,",12
"344,20210224,",17
"344,20210225,",13
"344,20210226,",14
"344,20210227,",10
"344,20210228,",13
"344,20210301,",8
"344,20210302,",14
"344,20210303,",9
"344,20210304,",2
"344,20210305,",13
"344,20210306,",12
"344,20210307,",4
"344,20210308,",12
"344,20210309,",7
"344,20210310,",4
"344,20210311,",12
"344,20210312,",7
"344,20210313,",11
"344,20210314,",9
"344,20210315,",11
"344,20210316,",5
"344,20210317,",10
"344,20210318,",8
"344,20210319,",19
"344,20210320,",15
"344,20210321,",9
"344,20210322,",10
"344,20210323,",11
"344,20210324,",20
"344,20210325,",16
"344,20210326,",20
"344,20210327,",19
"344,20210328,",11
"344,20210329,",27
"344,20210330,",28
"344,20210331,",28
"344,20210401,",25
"344,20210402,",9
"344,20210403,",23
"344,20210404,",12
"344,20210405,",14
"344,20210406,",11
"344,20210407,",13
"344,20210408,",17
"344,20210409,",24
"344,20210410,",6
"344,20210411,",19
"344,20210412,",20
"344,20210413,",23
"344,20210414,",17
"344,20210415,",18
"344,20210416,",24
"344,20210417,",28
"344,20210418,",29
"344,20210419,",22
"344,20210420,",24
"344,20210421,",25
"344,20210422,",29
"344,20210423,",32
"344,20210424,",28
"344,20210425,",19
"344,20210426,",33
"344,20210427,",32
"344,20210428,",23
"344,20210429,",11
"344,20210430,",11
"344,20210501,",28
"344,20210502,",26
"344,20210503,",22
"344,20210504,",15
"344,20210505,",23
"344,20210506,",18
"344,20210507,",25
"344,20210508,",11
"344,20210509,",31
"344,20210510,",27
"344,20210511,",20
"344,20210512,",27
"344,20210513,",26
"344,20210514,",26
"344,20210515,",16
"344,20210516,",18
"344,20210517,",17
"344,20210518,",39
"344,20210519,",24
"344,20210520,",26
"344,20210521,",29
"344,20210522,",11
"344,20210523,",25
"344,20210524,",14
"344,20210525,",17
"344,20210526,",22
"344,20210527,",15
"344,20210528,",43
"344,20210529,",40
"344,20210530,",45
"344,20210531,",48
"344,20210601,",52
"344,20210602,",54
"344,20210603,",47
"344,20210604,",39
"344,20210605,",14
"344,20210606,",51
"344,20210607,",48
"344,20210608,",47
"344,20210609,",51
"344,20210610,",49
"344,20210611,",28
"344,20210612,",39
"344,20210613,",48
"344,20210614,",54
"344,20210615,",45
"344,20210616,",52
"344,20210617,",40
"344,20210618,",35
"344,20210619,",13
"344,20210620,",34
"344,20210621,",10
"344,20210622,",26
"344,20210623,",22
"344,20210624,",38
"344,20210625,",12
"344,20210626,",22
"344,20210627,",35
"344,20210628,",22
"344,20210629,",19
"344,20210630,",10
"344,20210701,",11
"344,20210702,",28
"344,20210703,",25
"344,20210704,",22
"344,20210705,",27
"344,20210706,",24
"344,20210707,",29
"344,20210708,",41
"344,20210709,",36
"344,20210710,",21
"344,20210711,",24
"344,20210712,",21
"344,20210713,",14
"344,20210714,",9
"344,20210715,",20
"344,20210716,",39
"344,20210717,",50
"344,20210718,",49
"344,20210719,",37
"344,20210720,",44
"344,20210721,",45
"344,20210722,",43
"344,20210723,",31
"344,20210724,",12
"344,20210725,",37
"344,20210726,",16
"344,20210727,",18
"344,20210728,",23
"344,20210729,",43
"344,20210730,",22
"344,20210731,",30
"344,20210801,",28
"344,20210802,",32
"344,20210803,",30
"344,20210804,",28
"344,20210805,",33
"344,20210806,",27
"344,20210807,",25
"344,20210808,",22
"344,20210809,",24
"344,20210810,",36
"344,20210811,",35
"344,20210812,",35
"344,20210813,",30
"344,20210814,",35
"344,20210815,",38
"344,20210816,",18
"344,20210817,",8
"344,20210818,",13
"344,20210819,",9
"344,20210820,",26
"344,20210821,",26
"344,20210822,",13
"344,20210823,",31
"344,20210824,",33
"344,20210825,",31
"344,20210826,",19
"344,20210827,",28
"344,20210828,",20
"344,20210829,",7
"344,20210830,",20
"344,20210831,",23
"344,20210901,",14
"344,20210902,",25
"344,20210903,",33
"344,20210904,",27
"344,20210905,",33
"344,20210906,",29
"344,20210907,",30
"344,20210908,",33
"344,20210909,",29
"344,20210910,",13
"344,20210911,",12
"344,20210912,",23
"344,20210913,",16
"344,20210914,",20
"344,20210915,",9
"344,20210916,",27
"344,20210917,",24
"344,20210918,",23
"344,20210919,",24
"344,20210920,",20
"344,20210921,",22
"344,20210922,",25
"344,20210923,",15
"344,20210924,",23
"344,20210925,",15
"344,20210926,",19
"344,20210927,",9
"344,20210928,",20
"344,20210929,",11
"344,20210930,",9
"344,20211001,",6
"344,20211002,",8
"344,20211003,",5
"344,20211004,",16
"344,20211005,",9
"344,20211006,",8
"344,20211007,",11
"344,20211008,",15
"344,20211009,",17
"344,20211010,",11
"344,20211011,",11
"344,20211012,",9
"344,20211013,",12
"344,20211014,",6
"344,20211015,",12
"344,20211016,",9
"344,20211017,",7
"344,20211018,",9
"344,20211019,",6
"344,20211020,",5
"344,20211021,",7
"344,20211022,",8
"344,20211023,",3
"344,20211024,",13
"344,20211025,",3
"344,20211026,",8
"344,20211027,",6
"344,20211028,",13
"344,20211029,",10
"344,20211030,",2
"344,20211031,",3
"344,20211101,",10
"344,20211102,",3
"344,20211103,",7
"344,20211104,",7
"344,20211105,",8
"344,20211106,",4
"344,20211107,",7
"344,20211108,",5
"344,20211109,",4
"344,20211110,",3
"344,20211111,",3
"344,20211112,",6
"344,20211113,",5
"344,20211114,",3
"344,20211115,",1
"344,20211116,",1
"344,20211117,",5
"344,20211118,",6
"344,20211119,",5
"344,20211120,",1
"344,20211121,",5
"344,20211122,",6
"344,20211123,",3
"344,20211124,",2
"344,20211125,",3
"344,20211126,",1
"344,20211127,",1
"344,20211128,",1
"344,20211129,",2
"344,20211130,",1
"344,20211201,",2
"344,20211202,",3
"344,20211203,",1
"344,20211204,",1
"344,20211205,",3
"344,20211206,",2
"344,20211207,",4
"344,20211208,",4
"344,20211209,",2
"344,20211210,",1
"344,20211211,",3
"344,20211212,",1
"344,20211213,",2
"344,20211214,",1
"344,20211215,",1
"344,20211216,",5
"344,20211217,",1
"344,20211218,",2
"344,20211219,",1
"344,20211220,",2
"344,20211221,",4
"344,20211222,",3
"344,20211223,",2
"344,20211224,",1
"344,20211225,",4
"344,20211226,",2
"344,20211227,",2
"344,20211228,",2
"344,20211229,",1
"344,20211230,",1
"344,20211231,",3
"344,20220101,",3
"344,20220102,",2
"344,20220103,",2
"344,20220104,",1
"344,20220105,",2
"344,20220106,",3
"344,20220107,",2
"344,20220108,",1
"344,20220109,",3
"344,20220110,",3
"344,20220111,",5
"344,20220112,",2
"344,20220113,",2
"344,20220114,",2
"344,20220115,",2
"344,20220116,",2
"344,20220117,",4
"344,20220118,",2
"344,20220119,",1
"344,20220120,",4
"344,20220121,",3
"344,20220122,",1
"344,20220123,",2
"344,20220124,",2
"344,20220125,",1
"344,20220126,",1
"344,20220127,",2
"344,20220128,",6
"344,20220129,",6
"344,20220130,",6
"344,20220131,",2
"344,20220201,",3
"344,20220202,",4
"344,20220203,",2
"344,20220204,",3
"344,20220205,",8
"344,20220206,",2
"344,20220207,",8
"344,20220208,",6
"344,20220209,",4
"344,20220210,",5
"344,20220211,",8
"344,20220212,",10
"344,20220213,",7
"344,20220214,",10
"344,20220215,",6
"344,20220216,",4
"344,20220217,",12
"344,20220218,",4
"344,20220219,",8
"344,20220220,",2
"344,20220221,",5
"344,20220222,",3
"344,20220223,",13
"344,20220224,",6
"344,20220225,",8
"344,20220226,",14
"344,20220227,",15
"344,20220228,",16
"344,20220301,",5
"344,20220302,",14
"344,20220303,",16
"344,20220304,",16
"344,20220305,",15
"344,20220306,",16
"344,20220307,",16
"344,20220308,",17
"344,20220309,",19
"344,20220310,",20
"344,20220311,",20
"344,20220312,",14
"344,20220313,",20
"344,20220314,",12
"344,20220315,",14
"344,20220316,",13
"344,20220317,",19
"344,20220318,",21
"344,20220319,",22
"344,20220320,",9
"344,20220321,",21
"344,20220322,",22
"344,20220323,",23
"344,20220324,",23
"344,20220325,",24
"344,20220326,",24
"344,20220327,",25
"344,20220328,",23
"344,20220329,",13
"344,20220330,",17
"344,20220331,",6
"344,20220401,",10
"344,20220402,",18
"344,20220403,",19
"344,20220404,",4
"344,20220405,",8
"344,20220406,",6
"344,20220407,",17
"344,20220408,",14
"344,20220409,",21
"344,20220410,",26
"344,20220411,",27
"344,20220412,",27
"344,20220413,",17
"344,20220414,",32
"344,20220415,",26
"344,20220416,",34
"344,20220417,",37
"344,20220418,",34
"344,20220419,",31
"344,20220420,",35
"344,20220421,",36
"344,20220422,",24
"344,20220423,",30
"344,20220424,",36
"344,20220425,",9
"344,20220426,",32
"344,20220427,",19
"344,20220428,",34
"344,20220429,",20
"344,20220430,",20
"344,20220501,",29
"344,20220502,",38
"344,20220503,",21
"344,20220504,",37
"344,20220505,",24
"344,20220506,",39
"344,20220507,",41
"344,20220508,",42
"344,20220509,",42
"344,20220510,",24
"344,20220511,",38
"344,20220512,",38
"344,20220513,",40
"344,20220514,",42
"344,20220515,",47
"344,20220516,",30
"344,20220517,",35
"344,20220518,",43
"344,20220519,",24
"344,20220520,",15
"344,20220521,",35
"344,20220522,",44
"344,20220523,",13
"344,20220524,",32
"344,20220525,",27
"344,20220526,",36
"344,20220527,",39
"344,20220528,",36
"344,20220529,",21
"344,20220530,",20
"344,20220531,",25
"344,20220601,",35
"344,20220602,",44
"344,20220603,",47
"344,20220604,",32
"344,20220605,",13
"344,20220606,",15
"344,20220607,",35
"344,20220608,",17
"344,20220609,",46
"344,20220610,",28
"344,20220611,",50
"344,20220612,",51
"344,20220613,",43
"344,20220614,",42
"344,20220615,",53
"344,20220616,",51
"344,20220617,",53
"344,20220618,",48
"344,20220619,",18
"344,20220620,",45
"344,20220621,",42
"344,20220622,",55
"344,20220623,",51
"344,20220624,",29
"344,20220625,",20
"344,20220626,",37
"344,20220627,",20
"344,20220628,",48
"344,20220629,",52
"344,20220630,",27
"344,20220701,",32
"344,20220702,",43
"344,20220703,",28
"344,20220704,",48
"344,20220705,",46
"344,20220706,",35
"344,20220707,",21
"344,20220708,",49
"344,20220709,",39
"344,20220710,",36
"344,20220711,",41
"344,20220712,",40
"344,20220713,",46
"344,20220714,",46
"344,20220715,",45
"344,20220716,",48
"344,20220717,",48
"344,20220718,",52
"344,20220719,",56
"344,20220720,",34
"344,20220721,",7
"344,20220722,",30
"344,20220723,",40
"344,20220724,",52
"344,20220725,",31
"344,20220726,",31
"344,20220727,",30
"344,20220728,",38
"344,20220729,",46
"344,20220730,",35
"344,20220731,",9
"344,20220801,",35
"344,20220802,",45
"344,20220803,",47
"344,20220804,",35
"344,20220805,",28
"344,20220806,",38
"344,20220807,",42
"344,20220808,",34
"344,20220809,",45
"344,20220810,",47
"344,20220811,",47
"344,20220812,",47
"344,20220813,",47
"344,20220814,",42
"344,20220815,",16
"344,20220816,",29
"344,20220817,",9
"344,20220818,",34
"344,20220819,",18
"344,20220820,",35
"344,20220821,",30
"344,20220822,",35
"344,20220823,",36
"344,20220824,",32
"344,20220825,",35
"344,20220826,",18
"344,20220827,",17
"344,20220828,",23
"344,20220829,",23
"344,20220830,",33
"344,20220831,",37
"344,20220901,",36
"344,20220902,",33
"344,20220903,",34
"344,20220904,",28
"344,20220905,",28
"344,20220906,",30
"344,20220907,",27
"344,20220908,",20
"344,20220909,",11
"344,20220910,",26
"344,20220911,",23
"344,20220912,",29
"344,20220913,",23
"344,20220914,",14
"344,20220915,",13
"344,20220916,",15
"344,20220917,",19
"344,20220918,",5
"344,20220919,",17
"344,20220920,",20
"344,20220921,",20
"344,20220922,",23
"344,20220923,",12
"344,20220924,",10
"344,20220925,",17
"344,20220926,",7
"344,20220927,",7
"344,20220928,",14
"344,20220929,",18
"344,20220930,",16
"344,20221001,",16
"344,20221002,",19
"344,20221003,",7
"344,20221004,",19
"344,20221005,",6
"344,20221006,",19
"344,20221007,",11
"344,20221008,",17
"344,20221009,",19
"344,20221010,",7
"344,20221011,",12
"344,20221012,",13
"344,20221013,",5
"344,20221014,",6
"344,20221015,",8
"344,20221016,",14
"344,20221017,",4
"344,20221018,",16
"344,20221019,",15
"344,20221020,",6
"344,20221021,",12
"344,20221022,",12
"344,20221023,",7
"344,20221024,",7
"344,20221025,",8
"344,20221026,",11
"344,20221027,",9
"344,20221028,",9
"344,20221029,",8
"344,20221030,",8
"344,20221031,",7
"344,20221101,",11
"344,20221102,",10
"344,20221103,",6
"344,20221104,",5
"344,20221105,",5
"344,20221106,",2
"344,20221107,",3
"344,20221108,",5
"344,20221109,",6
"344,20221110,",6
"344,20221111,",6
"344,20221112,",9
"344,20221113,",9
"344,20221114,",7
"344,20221115,",6
"344,20221116,",6
"344,20221117,",2
"344,20221118,",3
"344,20221119,",2
"344,20221120,",2
"344,20221121,",5
"344,20221122,",2
"344,20221123,",4
"344,20221124,",6
"344,20221125,",5
"344,20221126,",4
"344,20221127,",1
"344,20221128,",3
"344,20221129,",3
"344,20221130,",3
"344,20221201,",5
"344,20221202,",2
"344,20221203,",1
"344,20221204,",1
"344,20221205,",1
"344,20221206,",4
"344,20221207,",4
"344,20221208,",1
"344,20221209,",3
"344,20221210,",1
"344,20221211,",1
"344,20221212,",5
"344,20221213,",3
"344,20221214,",4
"344,20221215,",4
"344,20221216,",4
"344,20221217,",5
"344,20221218,",1
"344,20221219,",1
"344,20221220,",1
"344,20221221,",2
"344,20221222,",3
"344,20221223,",1
"344,20221224,",4
"344,20221225,",1
"344,20221226,",4
"344,20221227,",3
"344,20221228,",1
"344,20221229,",2
"344,20221230,",1
"344,20221231,",1
"344,20230101,",3
"344,20230102,",2
"344,20230103,",2
"344,20230104,",2
"344,20230105,",3
"344,20230106,",6
"344,20230107,",4
"344,20230108,",5
"344,20230109,",3
"344,20230110,",2
"344,20230111,",5
"344,20230112,",1
"344,20230113,",2
"344,20230114,",1
"344,20230115,",3
"344,20230116,",2
"344,20230117,",5
"344,20230118,",5
"344,20230119,",5
"344,20230120,",1
"344,20230121,",6
"344,20230122,",2
"344,20230123,",4
"344,20230124,",1
"344,20230125,",1
"344,20230126,",5
"344,20230127,",4
"344,20230128,",7
"344,20230129,",2
"344,20230130,",6
"344,20230131,",3
"344,20230201,",3
"344,20230202,",3
"344,20230203,",4
"344,20230204,",3
"344,20230205,",7
"344,20230206,",8
"344,20230207,",8
"344,20230208,",9
"344,20230209,",4
"344,20230210,",9
"344,20230211,",4
"344,20230212,",3
"344,20230213,",11
"344,20230214,",11
"344,20230215,",9
"344,20230216,",6
"344,20230217,",5
"344,20230218,",7
"344,20230219,",5
"344,20230220,",4
"344,20230221,",2
"344,20230222,",5
"344,20230223,",4
"344,20230224,",5
"344,20230225,",10
"344,20230226,",13
"344,20230227,",11
"344,20230228,",9
"344,20230301,",14
"344,20230302,",15
"344,20230303,",8
"344,20230304,",9
"344,20230305,",8
"344,20230306,",8
"344,20230307,",4
"344,20230308,",5
"344,20230309,",3
"344,20230310,",3
"344,20230311,",14
"344,20230312,",9
"344,20230313,",17
"344,20230314,",11
"344,20230315,",18
"344,20230316,",16
"344,20230317,",13
"344,20230318,",15
"344,20230319,",5
"344,20230320,",5
"344,20230321,",8
"344,20230322,",5
"344,20230323,",17
"344,20230324,",19
"344,20230325,",13
"344,20230326,",7
"344,20230327,",19
"344,20230328,",11
"344,20230329,",10
"344,20230330,",21
"344,20230331,",7
"344,20230401,",7
"344,20230402,",22
"344,20230403,",26
"344,20230404,",25
"344,20230405,",24
"344,20230406,",6
"344,20230407,",7
"344,20230408,",25
"344,20230409,",16
"344,20230410,",9
"344,20230411,",29
"344,20230412,",21
"344,20230413,",20
"344,20230414,",26
"344,20230415,",32
"344,20230416,",6
"344,20230417,",23
"344,20230418,",16
"344,20230419,",35
"344,20230420,",13
"344,20230421,",23
"344,20230422,",11
"344,20230423,",20
"344,20230424,",15
"344,20230425,",24
"344,20230426,",19
"344,20230427,",28
"344,20230428,",9
"344,20230429,",31
"344,20230430,",38
"344,20230501,",20
"344,20230502,",34
"344,20230503,",36
"344,20230504,",38
"344,20230505,",16
"344,20230506,",28
"344,20230507,",16
"344,20230508,",23
"344,20230509,",8
"344,20230510,",16
"344,20230511,",16
"344,20230512,",28
"344,20230513,",44
"344,20230514,",33
"344,20230515,",9
"344,20230516,",35
"344,20230517,",40
"344,20230518,",36
"344,20230519,",41
"344,20230520,",41
"344,20230521,",37
"344,20230522,",42
"344,20230523,",35
"344,20230524,",34
"344,20230525,",30
"344,20230526,",45
"344,20230527,",46
"344,20230528,",45
"344,20230529,",42
"344,20230530,",28
"344,20230531,",49
"344,20230601,",38
"344,20230602,",26
"344,20230603,",50
"344,20230604,",48
"344,20230605,",46
"344,20230606,",48
"344,20230607,",47
"344,20230608,",49
"344,20230609,",54
"344,20230610,",56
"344,20230611,",53
"344,20230612,",58
"344,20230613,",56
"344,20230614,",55
"344,20230615,",50
"344,20230616,",53
"344,20230617,",46
"344,20230618,",21
"344,20230619,",36
"344,20230620,",32
"344,20230621,",50
"344,20230622,",20
"344,20230623,",49
"344,20230624,",54
"344,20230625,",58
"344,20230626,",50
"344,20230627,",33
"344,20230628,",20
"344,20230629,",20
"344,20230630,",40
"344,20230701,",16
"344,20230702,",47
"344,20230703,",28
"344,20230704,",37
"344,20230705,",27
"344,20230706,",37
"344,20230707,",55
"344,20230708,",50
"344,20230709,",31
"344,20230710,",52
"344,20230711,",47
"344,20230712,",41
"344,20230713,",41
"344,20230714,",28
"344,20230715,",37
"344,20230716,",33
"344,20230717,",35
"344,20230718,",35
"344,20230719,",27
"344,20230720,",39
"344,20230721,",31
"344,20230722,",17
"344,20230723,",23
"344,20230724,",25
"344,20230725,",38
"344,20230726,",40
"344,20230727,",11
"344,20230728,",20
"344,20230729,",28
"344,20230730,",29
"344,20230731,",9
"344,20230801,",29
"344,20230802,",25
"344,20230803,",18
"344,20230804,",29
"344,20230805,",14
"344,20230806,",21
"344,20230807,",36
"344,20230808,",33
"344,20230809,",39
"344,20230810,",33
"344,20230811,",32
"344,20230812,",37
"344,20230813,",25
"344,20230814,",38
"344,20230815,",30
"344,20230816,",38
"344,20230817,",24
"344,20230818,",33
"344,20230819,",25
"344,20230820,",39
"344,20230821,",40
"344,20230822,",28
"344,20230823,",35
"344,20230824,",21
"344,20230825,",21
"344,20230826,",22
"344,20230827,",20
"344,20230828,",27
"344,20230829,",20
"344,20230830,",19
"344,20230831,",32
"344,20230901,",11
