YYYYMMDD,RH
#,Opmerking:
#,SOURCE:
#,Comment:
#,STN
#,344
#,RH
#,"STN,YYYYMMDD,"
"344,20100901,",0
"344,20100902,",0
"344,20100903,",0
"344,20100904,",0
"344,20100905,",0
"344,20100906,",0
"344,20100907,",167
"344,20100908,",136
"344,20100909,",1
"344,20100910,",22
"344,20100911,",0
"344,20100912,",6
"344,20100913,",1
"344,20100914,",134
"344,20100915,",23
"344,20100916,",32
"344,20100917,",50
"344,20100918,",4
"344,20100919,",1
"344,20100920,",-1
"344,20100921,",0
"344,20100922,",0
"344,20100923,",15
"344,20100924,",114
"344,20100925,",159
"344,20100926,",44
"344,20100927,",65
"344,20100928,",1
"344,20100929,",0
"344,20100930,",38
"344,20101001,",109
"344,20101002,",66
"344,20101003,",0
"344,20101004,",0
"344,20101005,",11
"344,20101006,",10
"344,20101007,",0
"344,20101008,",0
"344,20101009,",0
"344,20101010,",0
"344,20101011,",0
"344,20101012,",0
"344,20101013,",0
"344,20101014,",-1
"344,20101015,",141
"344,20101016,",7
"344,20101017,",0
"344,20101018,",2
"344,20101019,",207
"344,20101020,",91
"344,20101021,",0
"344,20101022,",0
"344,20101023,",139
"344,20101024,",37
"344,20101025,",21
"344,20101026,",22
"344,20101027,",62
"344,20101028,",0
"344,20101029,",0
"344,20101030,",1
"344,20101031,",18
"344,20101101,",0
"344,20101102,",2
"344,20101103,",62
"344,20101104,",-1
"344,20101105,",38
"344,20101106,",81
"344,20101107,",104
"344,20101108,",1
"344,20101109,",27
"344,20101110,",26
"344,20101111,",199
"344,20101112,",82
"344,20101113,",13
"344,20101114,",62
"344,20101115,",0
"344,20101116,",0
"344,20101117,",0
"344,20101118,",-1
"344,20101119,",9
"344,20101120,",0
"344,20101121,",0
"344,20101122,",-1
"344,20101123,",88
"344,20101124,",75
"344,20101125,",48
"344,20101126,",-1
"344,20101127,",-1
"344,20101128,",0
"344,20101129,",19
"344,20101130,",-1
"344,20101201,",-1
"344,20101202,",15
"344,20101203,",4
"344,20101204,",86
"344,20101205,",29
"344,20101206,",0
"344,20101207,",0
"344,20101208,",6
"344,20101209,",32
"344,20101210,",12
"344,20101211,",0
"344,20101212,",7
"344,20101213,",1
"344,20101214,",0
"344,20101215,",24
"344,20101216,",159
"344,20101217,",71
"344,20101218,",43
"344,20101219,",17
"344,20101220,",-1
"344,20101221,",9
"344,20101222,",1
"344,20101223,",-1
"344,20101224,",0
"344,20101225,",7
"344,20101226,",2
"344,20101227,",0
"344,20101228,",4
"344,20101229,",2
"344,20101230,",0
"344,20101231,",10
"344,20110101,",7
"344,20110102,",-1
"344,20110103,",24
"344,20110104,",0
"344,20110105,",17
"344,20110106,",203
"344,20110107,",13
"344,20110108,",85
"344,20110109,",0
"344,20110110,",0
"344,20110111,",42
"344,20110112,",215
"344,20110113,",140
"344,20110114,",137
"344,20110115,",1
"344,20110116,",0
"344,20110117,",6
"344,20110118,",53
"344,20110119,",32
"344,20110120,",-1
"344,20110121,",0
"344,20110122,",1
"344,20110123,",2
"344,20110124,",3
"344,20110125,",22
"344,20110126,",0
"344,20110127,",0
"344,20110128,",0
"344,20110129,",0
"344,20110130,",0
"344,20110131,",0
"344,20110201,",2
"344,20110202,",9
"344,20110203,",10
"344,20110204,",-1
"344,20110205,",0
"344,20110206,",0
"344,20110207,",0
"344,20110208,",0
"344,20110209,",0
"344,20110210,",86
"344,20110211,",75
"344,20110212,",81
"344,20110213,",0
"344,20110214,",24
"344,20110215,",6
"344,20110216,",10
"344,20110217,",0
"344,20110218,",0
"344,20110219,",7
"344,20110220,",1
"344,20110221,",0
"344,20110222,",0
"344,20110223,",45
"344,20110224,",9
"344,20110225,",0
"344,20110226,",115
"344,20110227,",218
"344,20110228,",14
"344,20110301,",0
"344,20110302,",0
"344,20110303,",0
"344,20110304,",0
"344,20110305,",-1
"344,20110306,",0
"344,20110307,",0
"344,20110308,",0
"344,20110309,",5
"344,20110310,",1
"344,20110311,",0
"344,20110312,",-1
"344,20110313,",-1
"344,20110314,",0
"344,20110315,",0
"344,20110316,",0
"344,20110317,",-1
"344,20110318,",95
"344,20110319,",0
"344,20110320,",0
"344,20110321,",0
"344,20110322,",0
"344,20110323,",0
"344,20110324,",0
"344,20110325,",0
"344,20110326,",21
"344,20110327,",0
"344,20110328,",0
"344,20110329,",0
"344,20110330,",3
"344,20110331,",39
"344,20110401,",-1
"344,20110402,",10
"344,20110403,",12
"344,20110404,",0
"344,20110405,",2
"344,20110406,",0
"344,20110407,",0
"344,20110408,",0
"344,20110409,",0
"344,20110410,",0
"344,20110411,",33
"344,20110412,",-1
"344,20110413,",0
"344,20110414,",0
"344,20110415,",0
"344,20110416,",-1
"344,20110417,",0
"344,20110418,",0
"344,20110419,",0
"344,20110420,",0
"344,20110421,",0
"344,20110422,",-1
"344,20110423,",-1
"344,20110424,",0
"344,20110425,",0
"344,20110426,",0
"344,20110427,",9
"344,20110428,",10
"344,20110429,",6
"344,20110430,",0
"344,20110501,",0
"344,20110502,",0
"344,20110503,",0
"344,20110504,",0
"344,20110505,",0
"344,20110506,",0
"344,20110507,",0
"344,20110508,",7
"344,20110509,",2
"344,20110510,",28
"344,20110511,",0
"344,20110512,",0
"344,20110513,",0
"344,20110514,",-1
"344,20110515,",17
"344,20110516,",33
"344,20110517,",11
"344,20110518,",-1
"344,20110519,",7
"344,20110520,",0
"344,20110521,",0
"344,20110522,",33
"344,20110523,",0
"344,20110524,",0
"344,20110525,",0
"344,20110526,",16
"344,20110527,",18
"344,20110528,",4
"344,20110529,",0
"344,20110530,",3
"344,20110531,",16
"344,20110601,",0
"344,20110602,",0
"344,20110603,",0
"344,20110604,",0
"344,20110605,",9
"344,20110606,",42
"344,20110607,",45
"344,20110608,",11
"344,20110609,",5
"344,20110610,",66
"344,20110611,",1
"344,20110612,",-1
"344,20110613,",18
"344,20110614,",0
"344,20110615,",1
"344,20110616,",225
"344,20110617,",46
"344,20110618,",57
"344,20110619,",153
"344,20110620,",11
"344,20110621,",-1
"344,20110622,",49
"344,20110623,",10
"344,20110624,",-1
"344,20110625,",58
"344,20110626,",0
"344,20110627,",0
"344,20110628,",119
"344,20110629,",3
"344,20110630,",-1
"344,20110701,",124
"344,20110702,",3
"344,20110703,",0
"344,20110704,",0
"344,20110705,",0
"344,20110706,",25
"344,20110707,",10
"344,20110708,",16
"344,20110709,",5
"344,20110710,",0
"344,20110711,",0
"344,20110712,",120
"344,20110713,",65
"344,20110714,",753
"344,20110715,",0
"344,20110716,",168
"344,20110717,",24
"344,20110718,",88
"344,20110719,",0
"344,20110720,",9
"344,20110721,",12
"344,20110722,",16
"344,20110723,",88
"344,20110724,",299
"344,20110725,",1
"344,20110726,",7
"344,20110727,",-1
"344,20110728,",12
"344,20110729,",4
"344,20110730,",-1
"344,20110731,",0
"344,20110801,",0
"344,20110802,",2
"344,20110803,",12
"344,20110804,",38
"344,20110805,",-1
"344,20110806,",43
"344,20110807,",2
"344,20110808,",177
"344,20110809,",6
"344,20110810,",1
"344,20110811,",32
"344,20110812,",44
"344,20110813,",48
"344,20110814,",82
"344,20110815,",0
"344,20110816,",-1
"344,20110817,",-1
"344,20110818,",14
"344,20110819,",6
"344,20110820,",-1
"344,20110821,",11
"344,20110822,",15
"344,20110823,",100
"344,20110824,",62
"344,20110825,",0
"344,20110826,",110
"344,20110827,",296
"344,20110828,",127
"344,20110829,",-1
"344,20110830,",1
"344,20110831,",6
"344,20110901,",0
"344,20110902,",0
"344,20110903,",59
"344,20110904,",52
"344,20110905,",68
"344,20110906,",254
"344,20110907,",44
"344,20110908,",60
"344,20110909,",-1
"344,20110910,",13
"344,20110911,",119
"344,20110912,",7
"344,20110913,",70
"344,20110914,",-1
"344,20110915,",0
"344,20110916,",2
"344,20110917,",62
"344,20110918,",12
"344,20110919,",-1
"344,20110920,",0
"344,20110921,",-1
"344,20110922,",-1
"344,20110923,",0
"344,20110924,",0
"344,20110925,",0
"344,20110926,",21
"344,20110927,",0
"344,20110928,",0
"344,20110929,",0
"344,20110930,",0
"344,20111001,",0
"344,20111002,",0
"344,20111003,",0
"344,20111004,",0
"344,20111005,",1
"344,20111006,",37
"344,20111007,",141
"344,20111008,",135
"344,20111009,",24
"344,20111010,",-1
"344,20111011,",28
"344,20111012,",94
"344,20111013,",0
"344,20111014,",0
"344,20111015,",0
"344,20111016,",0
"344,20111017,",0
"344,20111018,",62
"344,20111019,",35
"344,20111020,",59
"344,20111021,",0
"344,20111022,",0
"344,20111023,",0
"344,20111024,",0
"344,20111025,",21
"344,20111026,",1
"344,20111027,",0
"344,20111028,",15
"344,20111029,",0
"344,20111030,",-1
"344,20111031,",0
"344,20111101,",26
"344,20111102,",-1
"344,20111103,",-1
"344,20111104,",-1
"344,20111105,",1
"344,20111106,",0
"344,20111107,",0
"344,20111108,",0
"344,20111109,",-1
"344,20111110,",0
"344,20111111,",0
"344,20111112,",0
"344,20111113,",0
"344,20111114,",0
"344,20111115,",0
"344,20111116,",0
"344,20111117,",0
"344,20111118,",0
"344,20111119,",0
"344,20111120,",0
"344,20111121,",0
"344,20111122,",0
"344,20111123,",8
"344,20111124,",0
"344,20111125,",-1
"344,20111126,",0
"344,20111127,",2
"344,20111128,",0
"344,20111129,",10
"344,20111130,",0
"344,20111201,",182
"344,20111202,",61
"344,20111203,",87
"344,20111204,",11
"344,20111205,",3
"344,20111206,",10
"344,20111207,",53
"344,20111208,",113
"344,20111209,",8
"344,20111210,",4
"344,20111211,",3
"344,20111212,",20
"344,20111213,",104
"344,20111214,",91
"344,20111215,",71
"344,20111216,",159
"344,20111217,",68
"344,20111218,",68
"344,20111219,",78
"344,20111220,",29
"344,20111221,",35
"344,20111222,",4
"344,20111223,",42
"344,20111224,",38
"344,20111225,",-1
"344,20111226,",-1
"344,20111227,",0
"344,20111228,",0
"344,20111229,",91
"344,20111230,",42
"344,20111231,",27
"344,20120101,",207
"344,20120102,",-1
"344,20120103,",144
"344,20120104,",36
"344,20120105,",84
"344,20120106,",8
"344,20120107,",30
"344,20120108,",-1
"344,20120109,",8
"344,20120110,",0
"344,20120111,",10
"344,20120112,",9
"344,20120113,",4
"344,20120114,",-1
"344,20120115,",0
"344,20120116,",0
"344,20120117,",0
"344,20120118,",32
"344,20120119,",144
"344,20120120,",-1
"344,20120121,",35
"344,20120122,",19
"344,20120123,",16
"344,20120124,",5
"344,20120125,",5
"344,20120126,",33
"344,20120127,",-1
"344,20120128,",-1
"344,20120129,",0
"344,20120130,",1
"344,20120131,",-1
"344,20120201,",0
"344,20120202,",0
"344,20120203,",27
"344,20120204,",0
"344,20120205,",0
"344,20120206,",0
"344,20120207,",0
"344,20120208,",0
"344,20120209,",-1
"344,20120210,",0
"344,20120211,",0
"344,20120212,",5
"344,20120213,",18
"344,20120214,",19
"344,20120215,",29
"344,20120216,",6
"344,20120217,",4
"344,20120218,",80
"344,20120219,",25
"344,20120220,",-1
"344,20120221,",0
"344,20120222,",26
"344,20120223,",-1
"344,20120224,",1
"344,20120225,",0
"344,20120226,",0
"344,20120227,",0
"344,20120228,",3
"344,20120229,",-1
"344,20120301,",0
"344,20120302,",0
"344,20120303,",-1
"344,20120304,",43
"344,20120305,",45
"344,20120306,",0
"344,20120307,",123
"344,20120308,",0
"344,20120309,",0
"344,20120310,",1
"344,20120311,",0
"344,20120312,",0
"344,20120313,",0
"344,20120314,",0
"344,20120315,",0
"344,20120316,",0
"344,20120317,",-1
"344,20120318,",7
"344,20120319,",0
"344,20120320,",0
"344,20120321,",0
"344,20120322,",0
"344,20120323,",0
"344,20120324,",0
"344,20120325,",0
"344,20120326,",0
"344,20120327,",0
"344,20120328,",0
"344,20120329,",0
"344,20120330,",-1
"344,20120331,",-1
"344,20120401,",0
"344,20120402,",0
"344,20120403,",-1
"344,20120404,",40
"344,20120405,",0
"344,20120406,",10
"344,20120407,",3
"344,20120408,",30
"344,20120409,",65
"344,20120410,",23
"344,20120411,",13
"344,20120412,",-1
"344,20120413,",0
"344,20120414,",0
"344,20120415,",0
"344,20120416,",6
"344,20120417,",35
"344,20120418,",8
"344,20120419,",32
"344,20120420,",15
"344,20120421,",12
"344,20120422,",1
"344,20120423,",38
"344,20120424,",30
"344,20120425,",25
"344,20120426,",66
"344,20120427,",4
"344,20120428,",119
"344,20120429,",1
"344,20120430,",0
"344,20120501,",102
"344,20120502,",113
"344,20120503,",0
"344,20120504,",0
"344,20120505,",0
"344,20120506,",0
"344,20120507,",1
"344,20120508,",66
"344,20120509,",124
"344,20120510,",54
"344,20120511,",-1
"344,20120512,",2
"344,20120513,",0
"344,20120514,",15
"344,20120515,",106
"344,20120516,",21
"344,20120517,",0
"344,20120518,",3
"344,20120519,",0
"344,20120520,",51
"344,20120521,",0
"344,20120522,",0
"344,20120523,",0
"344,20120524,",0
"344,20120525,",0
"344,20120526,",0
"344,20120527,",0
"344,20120528,",0
"344,20120529,",35
"344,20120530,",0
"344,20120531,",72
"344,20120601,",5
"344,20120602,",0
"344,20120603,",101
"344,20120604,",157
"344,20120605,",1
"344,20120606,",69
"344,20120607,",17
"344,20120608,",7
"344,20120609,",21
"344,20120610,",-1
"344,20120611,",186
"344,20120612,",16
"344,20120613,",0
"344,20120614,",0
"344,20120615,",96
"344,20120616,",32
"344,20120617,",-1
"344,20120618,",130
"344,20120619,",0
"344,20120620,",0
"344,20120621,",112
"344,20120622,",71
"344,20120623,",0
"344,20120624,",132
"344,20120625,",0
"344,20120626,",0
"344,20120627,",0
"344,20120628,",-1
"344,20120629,",0
"344,20120630,",37
"344,20120701,",4
"344,20120702,",0
"344,20120703,",0
"344,20120704,",1
"344,20120705,",40
"344,20120706,",107
"344,20120707,",6
"344,20120708,",69
"344,20120709,",0
"344,20120710,",3
"344,20120711,",126
"344,20120712,",67
"344,20120713,",43
"344,20120714,",81
"344,20120715,",104
"344,20120716,",212
"344,20120717,",1
"344,20120718,",48
"344,20120719,",72
"344,20120720,",-1
"344,20120721,",1
"344,20120722,",0
"344,20120723,",0
"344,20120724,",0
"344,20120725,",0
"344,20120726,",0
"344,20120727,",83
"344,20120728,",1
"344,20120729,",36
"344,20120730,",97
"344,20120731,",14
"344,20120801,",37
"344,20120802,",51
"344,20120803,",36
"344,20120804,",6
"344,20120805,",130
"344,20120806,",8
"344,20120807,",118
"344,20120808,",1
"344,20120809,",0
"344,20120810,",0
"344,20120811,",0
"344,20120812,",0
"344,20120813,",20
"344,20120814,",3
"344,20120815,",2
"344,20120816,",0
"344,20120817,",0
"344,20120818,",0
"344,20120819,",6
"344,20120820,",0
"344,20120821,",-1
"344,20120822,",0
"344,20120823,",0
"344,20120824,",19
"344,20120825,",47
"344,20120826,",182
"344,20120827,",-1
"344,20120828,",24
"344,20120829,",16
"344,20120830,",89
"344,20120831,",139
"344,20120901,",0
"344,20120902,",0
"344,20120903,",0
"344,20120904,",0
"344,20120905,",0
"344,20120906,",0
"344,20120907,",0
"344,20120908,",0
"344,20120909,",0
"344,20120910,",1
"344,20120911,",4
"344,20120912,",30
"344,20120913,",0
"344,20120914,",8
"344,20120915,",0
"344,20120916,",0
"344,20120917,",8
"344,20120918,",50
"344,20120919,",17
"344,20120920,",14
"344,20120921,",5
"344,20120922,",27
"344,20120923,",70
"344,20120924,",148
"344,20120925,",78
"344,20120926,",-1
"344,20120927,",44
"344,20120928,",6
"344,20120929,",10
"344,20120930,",0
"344,20121001,",19
"344,20121002,",12
"344,20121003,",49
"344,20121004,",107
"344,20121005,",130
"344,20121006,",141
"344,20121007,",0
"344,20121008,",-1
"344,20121009,",0
"344,20121010,",0
"344,20121011,",7
"344,20121012,",115
"344,20121013,",166
"344,20121014,",143
"344,20121015,",14
"344,20121016,",29
"344,20121017,",18
"344,20121018,",100
"344,20121019,",35
"344,20121020,",4
"344,20121021,",8
"344,20121022,",0
"344,20121023,",0
"344,20121024,",1
"344,20121025,",3
"344,20121026,",0
"344,20121027,",-1
"344,20121028,",1
"344,20121029,",119
"344,20121030,",105
"344,20121031,",0
"344,20121101,",45
"344,20121102,",16
"344,20121103,",15
"344,20121104,",103
"344,20121105,",46
"344,20121106,",105
"344,20121107,",4
"344,20121108,",2
"344,20121109,",1
"344,20121110,",42
"344,20121111,",36
"344,20121112,",4
"344,20121113,",5
"344,20121114,",0
"344,20121115,",0
"344,20121116,",0
"344,20121117,",9
"344,20121118,",36
"344,20121119,",0
"344,20121120,",0
"344,20121121,",9
"344,20121122,",0
"344,20121123,",50
"344,20121124,",48
"344,20121125,",17
"344,20121126,",6
"344,20121127,",1
"344,20121128,",9
"344,20121129,",6
"344,20121130,",18
"344,20121201,",109
"344,20121202,",93
"344,20121203,",52
"344,20121204,",96
"344,20121205,",29
"344,20121206,",7
"344,20121207,",107
"344,20121208,",1
"344,20121209,",102
"344,20121210,",16
"344,20121211,",2
"344,20121212,",-1
"344,20121213,",-1
"344,20121214,",103
"344,20121215,",8
"344,20121216,",24
"344,20121217,",31
"344,20121218,",16
"344,20121219,",0
"344,20121220,",68
"344,20121221,",9
"344,20121222,",224
"344,20121223,",76
"344,20121224,",32
"344,20121225,",125
"344,20121226,",45
"344,20121227,",27
"344,20121228,",18
"344,20121229,",2
"344,20121230,",23
"344,20121231,",50
"344,20130101,",101
"344,20130102,",6
"344,20130103,",5
"344,20130104,",8
"344,20130105,",-1
"344,20130106,",0
"344,20130107,",3
"344,20130108,",0
"344,20130109,",33
"344,20130110,",14
"344,20130111,",-1
"344,20130112,",0
"344,20130113,",0
"344,20130114,",68
"344,20130115,",29
"344,20130116,",0
"344,20130117,",-1
"344,20130118,",6
"344,20130119,",0
"344,20130120,",33
"344,20130121,",6
"344,20130122,",0
"344,20130123,",0
"344,20130124,",-1
"344,20130125,",0
"344,20130126,",10
"344,20130127,",97
"344,20130128,",30
"344,20130129,",62
"344,20130130,",154
"344,20130131,",19
"344,20130201,",62
"344,20130202,",37
"344,20130203,",11
"344,20130204,",13
"344,20130205,",59
"344,20130206,",51
"344,20130207,",31
"344,20130208,",26
"344,20130209,",5
"344,20130210,",12
"344,20130211,",-1
"344,20130212,",0
"344,20130213,",0
"344,20130214,",47
"344,20130215,",1
"344,20130216,",-1
"344,20130217,",0
"344,20130218,",0
"344,20130219,",2
"344,20130220,",0
"344,20130221,",0
"344,20130222,",0
"344,20130223,",-1
"344,20130224,",26
"344,20130225,",5
"344,20130226,",0
"344,20130227,",0
"344,20130228,",0
"344,20130301,",1
"344,20130302,",0
"344,20130303,",-1
"344,20130304,",0
"344,20130305,",0
"344,20130306,",0
"344,20130307,",7
"344,20130308,",34
"344,20130309,",261
"344,20130310,",24
"344,20130311,",-1
"344,20130312,",0
"344,20130313,",3
"344,20130314,",5
"344,20130315,",26
"344,20130316,",11
"344,20130317,",10
"344,20130318,",10
"344,20130319,",10
"344,20130320,",-1
"344,20130321,",-1
"344,20130322,",0
"344,20130323,",0
"344,20130324,",0
"344,20130325,",0
"344,20130326,",0
"344,20130327,",0
"344,20130328,",-1
"344,20130329,",1
"344,20130330,",-1
"344,20130331,",-1
"344,20130401,",0
"344,20130402,",0
"344,20130403,",0
"344,20130404,",1
"344,20130405,",0
"344,20130406,",0
"344,20130407,",0
"344,20130408,",0
"344,20130409,",7
"344,20130410,",1
"344,20130411,",49
"344,20130412,",63
"344,20130413,",25
"344,20130414,",3
"344,20130415,",10
"344,20130416,",0
"344,20130417,",0
"344,20130418,",0
"344,20130419,",1
"344,20130420,",0
"344,20130421,",0
"344,20130422,",-1
"344,20130423,",8
"344,20130424,",0
"344,20130425,",-1
"344,20130426,",66
"344,20130427,",0
"344,20130428,",0
"344,20130429,",13
"344,20130430,",0
"344,20130501,",0
"344,20130502,",-1
"344,20130503,",0
"344,20130504,",0
"344,20130505,",0
"344,20130506,",0
"344,20130507,",3
"344,20130508,",79
"344,20130509,",1
"344,20130510,",6
"344,20130511,",55
"344,20130512,",33
"344,20130513,",49
"344,20130514,",37
"344,20130515,",9
"344,20130516,",151
"344,20130517,",150
"344,20130518,",-1
"344,20130519,",-1
"344,20130520,",225
"344,20130521,",40
"344,20130522,",-1
"344,20130523,",17
"344,20130524,",44
"344,20130525,",44
"344,20130526,",31
"344,20130527,",0
"344,20130528,",0
"344,20130529,",7
"344,20130530,",20
"344,20130531,",0
"344,20130601,",0
"344,20130602,",0
"344,20130603,",0
"344,20130604,",0
"344,20130605,",0
"344,20130606,",0
"344,20130607,",0
"344,20130608,",0
"344,20130609,",0
"344,20130610,",0
"344,20130611,",0
"344,20130612,",19
"344,20130613,",22
"344,20130614,",0
"344,20130615,",9
"344,20130616,",-1
"344,20130617,",-1
"344,20130618,",0
"344,20130619,",-1
"344,20130620,",3
"344,20130621,",85
"344,20130622,",28
"344,20130623,",119
"344,20130624,",20
"344,20130625,",0
"344,20130626,",98
"344,20130627,",7
"344,20130628,",102
"344,20130629,",4
"344,20130630,",0
"344,20130701,",0
"344,20130702,",57
"344,20130703,",38
"344,20130704,",0
"344,20130705,",0
"344,20130706,",0
"344,20130707,",0
"344,20130708,",0
"344,20130709,",0
"344,20130710,",0
"344,20130711,",-1
"344,20130712,",-1
"344,20130713,",0
"344,20130714,",0
"344,20130715,",0
"344,20130716,",0
"344,20130717,",0
"344,20130718,",0
"344,20130719,",0
"344,20130720,",-1
"344,20130721,",0
"344,20130722,",0
"344,20130723,",0
"344,20130724,",-1
"344,20130725,",-1
"344,20130726,",54
"344,20130727,",243
"344,20130728,",0
"344,20130729,",3
"344,20130730,",40
"344,20130731,",0
"344,20130801,",0
"344,20130802,",0
"344,20130803,",-1
"344,20130804,",0
"344,20130805,",113
"344,20130806,",-1
"344,20130807,",33
"344,20130808,",0
"344,20130809,",0
"344,20130810,",0
"344,20130811,",11
"344,20130812,",0
"344,20130813,",22
"344,20130814,",0
"344,20130815,",12
"344,20130816,",2
"344,20130817,",1
"344,20130818,",43
"344,20130819,",40
"344,20130820,",0
"344,20130821,",0
"344,20130822,",-1
"344,20130823,",-1
"344,20130824,",20
"344,20130825,",-1
"344,20130826,",0
"344,20130827,",0
"344,20130828,",23
"344,20130829,",0
"344,20130830,",-1
"344,20130831,",8
"344,20130901,",0
"344,20130902,",-1
"344,20130903,",0
"344,20130904,",0
"344,20130905,",0
"344,20130906,",15
"344,20130907,",-1
"344,20130908,",206
"344,20130909,",359
"344,20130910,",382
"344,20130911,",29
"344,20130912,",83
"344,20130913,",14
"344,20130914,",79
"344,20130915,",56
"344,20130916,",100
"344,20130917,",64
"344,20130918,",66
"344,20130919,",30
"344,20130920,",-1
"344,20130921,",-1
"344,20130922,",-1
"344,20130923,",0
"344,20130924,",0
"344,20130925,",0
"344,20130926,",0
"344,20130927,",0
"344,20130928,",0
"344,20130929,",0
"344,20130930,",0
"344,20131001,",0
"344,20131002,",0
"344,20131003,",11
"344,20131004,",108
"344,20131005,",0
"344,20131006,",0
"344,20131007,",0
"344,20131008,",-1
"344,20131009,",24
"344,20131010,",150
"344,20131011,",197
"344,20131012,",215
"344,20131013,",416
"344,20131014,",21
"344,20131015,",47
"344,20131016,",9
"344,20131017,",0
"344,20131018,",0
"344,20131019,",114
"344,20131020,",12
"344,20131021,",-1
"344,20131022,",-1
"344,20131023,",3
"344,20131024,",0
"344,20131025,",5
"344,20131026,",0
"344,20131027,",73
"344,20131028,",114
"344,20131029,",29
"344,20131030,",0
"344,20131031,",2
"344,20131101,",13
"344,20131102,",77
"344,20131103,",72
"344,20131104,",288
"344,20131105,",73
"344,20131106,",37
"344,20131107,",21
"344,20131108,",37
"344,20131109,",143
"344,20131110,",42
"344,20131111,",5
"344,20131112,",21
"344,20131113,",0
"344,20131114,",87
"344,20131115,",0
"344,20131116,",0
"344,20131117,",-1
"344,20131118,",-1
"344,20131119,",55
"344,20131120,",75
"344,20131121,",-1
"344,20131122,",-1
"344,20131123,",-1
"344,20131124,",-1
"344,20131125,",12
"344,20131126,",3
"344,20131127,",1
"344,20131128,",5
"344,20131129,",40
"344,20131130,",15
"344,20131201,",-1
"344,20131202,",0
"344,20131203,",0
"344,20131204,",12
"344,20131205,",31
"344,20131206,",36
"344,20131207,",18
"344,20131208,",2
"344,20131209,",0
"344,20131210,",0
"344,20131211,",0
"344,20131212,",0
"344,20131213,",1
"344,20131214,",23
"344,20131215,",18
"344,20131216,",-1
"344,20131217,",3
"344,20131218,",4
"344,20131219,",85
"344,20131220,",-1
"344,20131221,",56
"344,20131222,",15
"344,20131223,",16
"344,20131224,",82
"344,20131225,",40
"344,20131226,",-1
"344,20131227,",34
"344,20131228,",22
"344,20131229,",11
"344,20131230,",5
"344,20131231,",43
"344,20140101,",65
"344,20140102,",2
"344,20140103,",59
"344,20140104,",4
"344,20140105,",0
"344,20140106,",20
"344,20140107,",-1
"344,20140108,",77
"344,20140109,",31
"344,20140110,",0
"344,20140111,",1
"344,20140112,",0
"344,20140113,",2
"344,20140114,",21
"344,20140115,",36
"344,20140116,",38
"344,20140117,",25
"344,20140118,",-1
"344,20140119,",-1
"344,20140120,",42
"344,20140121,",4
"344,20140122,",14
"344,20140123,",122
"344,20140124,",18
"344,20140125,",54
"344,20140126,",94
"344,20140127,",31
"344,20140128,",8
"344,20140129,",0
"344,20140130,",-1
"344,20140131,",35
"344,20140201,",119
"344,20140202,",0
"344,20140203,",0
"344,20140204,",-1
"344,20140205,",31
"344,20140206,",74
"344,20140207,",120
"344,20140208,",73
"344,20140209,",2
"344,20140210,",6
"344,20140211,",42
"344,20140212,",41
"344,20140213,",8
"344,20140214,",95
"344,20140215,",2
"344,20140216,",-1
"344,20140217,",-1
"344,20140218,",3
"344,20140219,",1
"344,20140220,",35
"344,20140221,",50
"344,20140222,",-1
"344,20140223,",0
"344,20140224,",0
"344,20140225,",26
"344,20140226,",0
"344,20140227,",32
"344,20140228,",41
"344,20140301,",31
"344,20140302,",0
"344,20140303,",13
"344,20140304,",0
"344,20140305,",0
"344,20140306,",0
"344,20140307,",0
"344,20140308,",0
"344,20140309,",0
"344,20140310,",0
"344,20140311,",0
"344,20140312,",0
"344,20140313,",0
"344,20140314,",0
"344,20140315,",0
"344,20140316,",0
"344,20140317,",0
"344,20140318,",17
"344,20140319,",0
"344,20140320,",0
"344,20140321,",201
"344,20140322,",1
"344,20140323,",34
"344,20140324,",16
"344,20140325,",0
"344,20140326,",20
"344,20140327,",0
"344,20140328,",0
"344,20140329,",0
"344,20140330,",0
"344,20140331,",0
"344,20140401,",0
"344,20140402,",0
"344,20140403,",0
"344,20140404,",0
"344,20140405,",0
"344,20140406,",9
"344,20140407,",157
"344,20140408,",38
"344,20140409,",0
"344,20140410,",0
"344,20140411,",0
"344,20140412,",0
"344,20140413,",0
"344,20140414,",6
"344,20140415,",-1
"344,20140416,",0
"344,20140417,",18
"344,20140418,",8
"344,20140419,",13
"344,20140420,",0
"344,20140421,",8
"344,20140422,",9
"344,20140423,",0
"344,20140424,",6
"344,20140425,",0
"344,20140426,",4
"344,20140427,",0
"344,20140428,",0
"344,20140429,",0
"344,20140430,",0
"344,20140501,",0
"344,20140502,",0
"344,20140503,",0
"344,20140504,",0
"344,20140505,",0
"344,20140506,",3
"344,20140507,",21
"344,20140508,",167
"344,20140509,",131
"344,20140510,",73
"344,20140511,",60
"344,20140512,",30
"344,20140513,",0
"344,20140514,",11
"344,20140515,",0
"344,20140516,",0
"344,20140517,",0
"344,20140518,",0
"344,20140519,",0
"344,20140520,",110
"344,20140521,",35
"344,20140522,",12
"344,20140523,",0
"344,20140524,",0
"344,20140525,",0
"344,20140526,",19
"344,20140527,",209
"344,20140528,",19
"344,20140529,",2
"344,20140530,",0
"344,20140531,",0
"344,20140601,",0
"344,20140602,",0
"344,20140603,",10
"344,20140604,",107
"344,20140605,",13
"344,20140606,",0
"344,20140607,",0
"344,20140608,",5
"344,20140609,",12
"344,20140610,",53
"344,20140611,",0
"344,20140612,",0
"344,20140613,",0
"344,20140614,",-1
"344,20140615,",0
"344,20140616,",8
"344,20140617,",0
"344,20140618,",0
"344,20140619,",6
"344,20140620,",6
"344,20140621,",0
"344,20140622,",0
"344,20140623,",0
"344,20140624,",0
"344,20140625,",0
"344,20140626,",0
"344,20140627,",20
"344,20140628,",0
"344,20140629,",6
"344,20140630,",18
"344,20140701,",0
"344,20140702,",0
"344,20140703,",0
"344,20140704,",2
"344,20140705,",24
"344,20140706,",31
"344,20140707,",2
"344,20140708,",190
"344,20140709,",87
"344,20140710,",0
"344,20140711,",4
"344,20140712,",0
"344,20140713,",0
"344,20140714,",0
"344,20140715,",0
"344,20140716,",0
"344,20140717,",0
"344,20140718,",0
"344,20140719,",1
"344,20140720,",54
"344,20140721,",8
"344,20140722,",0
"344,20140723,",0
"344,20140724,",0
"344,20140725,",6
"344,20140726,",0
"344,20140727,",0
"344,20140728,",256
"344,20140729,",0
"344,20140730,",0
"344,20140731,",0
"344,20140801,",0
"344,20140802,",0
"344,20140803,",15
"344,20140804,",60
"344,20140805,",0
"344,20140806,",63
"344,20140807,",10
"344,20140808,",13
"344,20140809,",35
"344,20140810,",71
"344,20140811,",33
"344,20140812,",12
"344,20140813,",0
"344,20140814,",86
"344,20140815,",59
"344,20140816,",25
"344,20140817,",114
"344,20140818,",53
"344,20140819,",72
"344,20140820,",66
"344,20140821,",18
"344,20140822,",160
"344,20140823,",100
"344,20140824,",21
"344,20140825,",125
"344,20140826,",142
"344,20140827,",0
"344,20140828,",14
"344,20140829,",0
"344,20140830,",32
"344,20140831,",72
"344,20140901,",-1
"344,20140902,",0
"344,20140903,",0
"344,20140904,",0
"344,20140905,",0
"344,20140906,",0
"344,20140907,",0
"344,20140908,",0
"344,20140909,",2
"344,20140910,",0
"344,20140911,",0
"344,20140912,",0
"344,20140913,",0
"344,20140914,",0
"344,20140915,",0
"344,20140916,",0
"344,20140917,",0
"344,20140918,",0
"344,20140919,",0
"344,20140920,",0
"344,20140921,",7
"344,20140922,",3
"344,20140923,",0
"344,20140924,",118
"344,20140925,",1
"344,20140926,",3
"344,20140927,",0
"344,20140928,",0
"344,20140929,",27
"344,20140930,",0
"344,20141001,",0
"344,20141002,",-1
"344,20141003,",0
"344,20141004,",85
"344,20141005,",-1
"344,20141006,",12
"344,20141007,",82
"344,20141008,",28
"344,20141009,",15
"344,20141010,",0
"344,20141011,",42
"344,20141012,",29
"344,20141013,",-1
"344,20141014,",11
"344,20141015,",12
"344,20141016,",46
"344,20141017,",-1
"344,20141018,",0
"344,20141019,",-1
"344,20141020,",10
"344,20141021,",141
"344,20141022,",69
"344,20141023,",-1
"344,20141024,",111
"344,20141025,",-1
"344,20141026,",0
"344,20141027,",0
"344,20141028,",0
"344,20141029,",2
"344,20141030,",-1
"344,20141031,",0
"344,20141101,",0
"344,20141102,",26
"344,20141103,",110
"344,20141104,",-1
"344,20141105,",0
"344,20141106,",0
"344,20141107,",15
"344,20141108,",1
"344,20141109,",0
"344,20141110,",-1
"344,20141111,",0
"344,20141112,",6
"344,20141113,",0
"344,20141114,",70
"344,20141115,",117
"344,20141116,",74
"344,20141117,",-1
"344,20141118,",-1
"344,20141119,",0
"344,20141120,",0
"344,20141121,",-1
"344,20141122,",0
"344,20141123,",22
"344,20141124,",11
"344,20141125,",0
"344,20141126,",2
"344,20141127,",8
"344,20141128,",0
"344,20141129,",0
"344,20141130,",59
"344,20141201,",0
"344,20141202,",2
"344,20141203,",-1
"344,20141204,",0
"344,20141205,",36
"344,20141206,",14
"344,20141207,",34
"344,20141208,",121
"344,20141209,",-1
"344,20141210,",52
"344,20141211,",87
"344,20141212,",121
"344,20141213,",16
"344,20141214,",1
"344,20141215,",49
"344,20141216,",7
"344,20141217,",28
"344,20141218,",5
"344,20141219,",115
"344,20141220,",19
"344,20141221,",0
"344,20141222,",3
"344,20141223,",-1
"344,20141224,",99
"344,20141225,",40
"344,20141226,",-1
"344,20141227,",238
"344,20141228,",10
"344,20141229,",30
"344,20141230,",-1
"344,20141231,",0
"344,20150101,",1
"344,20150102,",17
"344,20150103,",32
"344,20150104,",4
"344,20150105,",0
"344,20150106,",12
"344,20150107,",15
"344,20150108,",187
"344,20150109,",102
"344,20150110,",23
"344,20150111,",-1
"344,20150112,",59
"344,20150113,",124
"344,20150114,",12
"344,20150115,",82
"344,20150116,",46
"344,20150117,",1
"344,20150118,",29
"344,20150119,",1
"344,20150120,",0
"344,20150121,",0
"344,20150122,",0
"344,20150123,",0
"344,20150124,",84
"344,20150125,",1
"344,20150126,",20
"344,20150127,",0
"344,20150128,",80
"344,20150129,",73
"344,20150130,",25
"344,20150131,",13
"344,20150201,",61
"344,20150202,",45
"344,20150203,",6
"344,20150204,",9
"344,20150205,",15
"344,20150206,",0
"344,20150207,",2
"344,20150208,",0
"344,20150209,",-1
"344,20150210,",-1
"344,20150211,",0
"344,20150212,",0
"344,20150213,",-1
"344,20150214,",-1
"344,20150215,",-1
"344,20150216,",0
"344,20150217,",1
"344,20150218,",0
"344,20150219,",10
"344,20150220,",305
"344,20150221,",41
"344,20150222,",56
"344,20150223,",22
"344,20150224,",37
"344,20150225,",24
"344,20150226,",84
"344,20150227,",0
"344,20150228,",0
"344,20150301,",65
"344,20150302,",3
"344,20150303,",41
"344,20150304,",12
"344,20150305,",0
"344,20150306,",0
"344,20150307,",0
"344,20150308,",-1
"344,20150309,",3
"344,20150310,",-1
"344,20150311,",0
"344,20150312,",0
"344,20150313,",0
"344,20150314,",3
"344,20150315,",-1
"344,20150316,",0
"344,20150317,",0
"344,20150318,",0
"344,20150319,",0
"344,20150320,",-1
"344,20150321,",8
"344,20150322,",0
"344,20150323,",0
"344,20150324,",25
"344,20150325,",76
"344,20150326,",51
"344,20150327,",0
"344,20150328,",12
"344,20150329,",125
"344,20150330,",73
"344,20150331,",76
"344,20150401,",36
"344,20150402,",48
"344,20150403,",-1
"344,20150404,",20
"344,20150405,",0
"344,20150406,",-1
"344,20150407,",0
"344,20150408,",0
"344,20150409,",0
"344,20150410,",0
"344,20150411,",27
"344,20150412,",-1
"344,20150413,",-1
"344,20150414,",0
"344,20150415,",0
"344,20150416,",0
"344,20150417,",0
"344,20150418,",0
"344,20150419,",0
"344,20150420,",0
"344,20150421,",0
"344,20150422,",0
"344,20150423,",0
"344,20150424,",0
"344,20150425,",10
"344,20150426,",14
"344,20150427,",0
"344,20150428,",-1
"344,20150429,",22
"344,20150430,",-1
"344,20150501,",0
"344,20150502,",0
"344,20150503,",21
"344,20150504,",58
"344,20150505,",101
"344,20150506,",39
"344,20150507,",-1
"344,20150508,",15
"344,20150509,",22
"344,20150510,",0
"344,20150511,",0
"344,20150512,",1
"344,20150513,",0
"344,20150514,",0
"344,20150515,",0
"344,20150516,",26
"344,20150517,",0
"344,20150518,",42
"344,20150519,",11
"344,20150520,",2
"344,20150521,",0
"344,20150522,",0
"344,20150523,",1
"344,20150524,",4
"344,20150525,",1
"344,20150526,",-1
"344,20150527,",0
"344,20150528,",10
"344,20150529,",11
"344,20150530,",0
"344,20150531,",70
"344,20150601,",0
"344,20150602,",35
"344,20150603,",0
"344,20150604,",0
"344,20150605,",31
"344,20150606,",-1
"344,20150607,",0
"344,20150608,",0
"344,20150609,",1
"344,20150610,",0
"344,20150611,",0
"344,20150612,",0
"344,20150613,",4
"344,20150614,",-1
"344,20150615,",-1
"344,20150616,",0
"344,20150617,",25
"344,20150618,",1
"344,20150619,",14
"344,20150620,",4
"344,20150621,",21
"344,20150622,",47
"344,20150623,",28
"344,20150624,",0
"344,20150625,",0
"344,20150626,",-1
"344,20150627,",-1
"344,20150628,",-1
"344,20150629,",0
"344,20150630,",0
"344,20150701,",0
"344,20150702,",-1
"344,20150703,",0
"344,20150704,",0
"344,20150705,",50
"344,20150706,",0
"344,20150707,",-1
"344,20150708,",48
"344,20150709,",8
"344,20150710,",0
"344,20150711,",0
"344,20150712,",7
"344,20150713,",48
"344,20150714,",17
"344,20150715,",21
"344,20150716,",2
"344,20150717,",13
"344,20150718,",0
"344,20150719,",61
"344,20150720,",7
"344,20150721,",5
"344,20150722,",2
"344,20150723,",0
"344,20150724,",-1
"344,20150725,",87
"344,20150726,",49
"344,20150727,",117
"344,20150728,",214
"344,20150729,",61
"344,20150730,",14
"344,20150731,",0
"344,20150801,",0
"344,20150802,",0
"344,20150803,",-1
"344,20150804,",43
"344,20150805,",0
"344,20150806,",0
"344,20150807,",0
"344,20150808,",0
"344,20150809,",0
"344,20150810,",-1
"344,20150811,",-1
"344,20150812,",-1
"344,20150813,",225
"344,20150814,",33
"344,20150815,",79
"344,20150816,",6
"344,20150817,",185
"344,20150818,",84
"344,20150819,",5
"344,20150820,",0
"344,20150821,",-1
"344,20150822,",0
"344,20150823,",40
"344,20150824,",120
"344,20150825,",108
"344,20150826,",115
"344,20150827,",162
"344,20150828,",-1
"344,20150829,",47
"344,20150830,",82
"344,20150831,",119
"344,20150901,",-1
"344,20150902,",65
"344,20150903,",88
"344,20150904,",265
"344,20150905,",37
"344,20150906,",16
"344,20150907,",20
"344,20150908,",1
"344,20150909,",0
"344,20150910,",0
"344,20150911,",0
"344,20150912,",5
"344,20150913,",6
"344,20150914,",66
"344,20150915,",21
"344,20150916,",62
"344,20150917,",168
"344,20150918,",39
"344,20150919,",5
"344,20150920,",0
"344,20150921,",15
"344,20150922,",42
"344,20150923,",179
"344,20150924,",52
"344,20150925,",6
"344,20150926,",0
"344,20150927,",0
"344,20150928,",0
"344,20150929,",0
"344,20150930,",0
"344,20151001,",0
"344,20151002,",0
"344,20151003,",0
"344,20151004,",0
"344,20151005,",12
"344,20151006,",29
"344,20151007,",83
"344,20151008,",0
"344,20151009,",0
"344,20151010,",0
"344,20151011,",0
"344,20151012,",0
"344,20151013,",0
"344,20151014,",13
"344,20151015,",80
"344,20151016,",26
"344,20151017,",10
"344,20151018,",-1
"344,20151019,",0
"344,20151020,",15
"344,20151021,",24
"344,20151022,",18
"344,20151023,",0
"344,20151024,",-1
"344,20151025,",8
"344,20151026,",0
"344,20151027,",0
"344,20151028,",1
"344,20151029,",0
"344,20151030,",0
"344,20151031,",0
"344,20151101,",0
"344,20151102,",0
"344,20151103,",0
"344,20151104,",-1
"344,20151105,",68
"344,20151106,",28
"344,20151107,",18
"344,20151108,",4
"344,20151109,",23
"344,20151110,",12
"344,20151111,",16
"344,20151112,",0
"344,20151113,",34
"344,20151114,",74
"344,20151115,",54
"344,20151116,",56
"344,20151117,",194
"344,20151118,",2
"344,20151119,",54
"344,20151120,",11
"344,20151121,",67
"344,20151122,",87
"344,20151123,",2
"344,20151124,",115
"344,20151125,",66
"344,20151126,",18
"344,20151127,",14
"344,20151128,",109
"344,20151129,",149
"344,20151130,",150
"344,20151201,",14
"344,20151202,",0
"344,20151203,",0
"344,20151204,",77
"344,20151205,",0
"344,20151206,",19
"344,20151207,",10
"344,20151208,",36
"344,20151209,",0
"344,20151210,",9
"344,20151211,",154
"344,20151212,",18
"344,20151213,",37
"344,20151214,",0
"344,20151215,",10
"344,20151216,",32
"344,20151217,",5
"344,20151218,",-1
"344,20151219,",0
"344,20151220,",3
"344,20151221,",78
"344,20151222,",6
"344,20151223,",8
"344,20151224,",43
"344,20151225,",5
"344,20151226,",-1
"344,20151227,",-1
"344,20151228,",0
"344,20151229,",15
"344,20151230,",0
"344,20151231,",22
"344,20160101,",0
"344,20160102,",62
"344,20160103,",126
"344,20160104,",52
"344,20160105,",5
"344,20160106,",13
"344,20160107,",166
"344,20160108,",-1
"344,20160109,",6
"344,20160110,",25
"344,20160111,",48
"344,20160112,",87
"344,20160113,",62
"344,20160114,",175
"344,20160115,",94
"344,20160116,",55
"344,20160117,",0
"344,20160118,",0
"344,20160119,",1
"344,20160120,",54
"344,20160121,",0
"344,20160122,",37
"344,20160123,",0
"344,20160124,",29
"344,20160125,",0
"344,20160126,",35
"344,20160127,",128
"344,20160128,",1
"344,20160129,",18
"344,20160130,",159
"344,20160131,",39
"344,20160201,",-1
"344,20160202,",2
"344,20160203,",12
"344,20160204,",41
"344,20160205,",2
"344,20160206,",0
"344,20160207,",21
"344,20160208,",77
"344,20160209,",101
"344,20160210,",93
"344,20160211,",0
"344,20160212,",1
"344,20160213,",1
"344,20160214,",89
"344,20160215,",-1
"344,20160216,",0
"344,20160217,",0
"344,20160218,",36
"344,20160219,",2
"344,20160220,",92
"344,20160221,",47
"344,20160222,",72
"344,20160223,",19
"344,20160224,",5
"344,20160225,",18
"344,20160226,",-1
"344,20160227,",0
"344,20160228,",0
"344,20160229,",0
"344,20160301,",87
"344,20160302,",60
"344,20160303,",-1
"344,20160304,",121
"344,20160305,",5
"344,20160306,",14
"344,20160307,",38
"344,20160308,",10
"344,20160309,",0
"344,20160310,",0
"344,20160311,",0
"344,20160312,",0
"344,20160313,",0
"344,20160314,",0
"344,20160315,",0
"344,20160316,",0
"344,20160317,",0
"344,20160318,",-1
"344,20160319,",0
"344,20160320,",9
"344,20160321,",4
"344,20160322,",0
"344,20160323,",2
"344,20160324,",11
"344,20160325,",63
"344,20160326,",5
"344,20160327,",122
"344,20160328,",39
"344,20160329,",88
"344,20160330,",4
"344,20160331,",4
"344,20160401,",0
"344,20160402,",2
"344,20160403,",19
"344,20160404,",19
"344,20160405,",-1
"344,20160406,",34
"344,20160407,",76
"344,20160408,",-1
"344,20160409,",8
"344,20160410,",17
"344,20160411,",7
"344,20160412,",-1
"344,20160413,",-1
"344,20160414,",-1
"344,20160415,",120
"344,20160416,",47
"344,20160417,",8
"344,20160418,",0
"344,20160419,",0
"344,20160420,",0
"344,20160421,",0
"344,20160422,",0
"344,20160423,",14
"344,20160424,",36
"344,20160425,",119
"344,20160426,",42
"344,20160427,",86
"344,20160428,",8
"344,20160429,",56
"344,20160430,",-1
"344,20160501,",0
"344,20160502,",44
"344,20160503,",5
"344,20160504,",0
"344,20160505,",0
"344,20160506,",0
"344,20160507,",0
"344,20160508,",0
"344,20160509,",0
"344,20160510,",-1
"344,20160511,",0
"344,20160512,",0
"344,20160513,",0
"344,20160514,",23
"344,20160515,",11
"344,20160516,",16
"344,20160517,",0
"344,20160518,",11
"344,20160519,",6
"344,20160520,",7
"344,20160521,",-1
"344,20160522,",113
"344,20160523,",85
"344,20160524,",0
"344,20160525,",6
"344,20160526,",0
"344,20160527,",0
"344,20160528,",-1
"344,20160529,",16
"344,20160530,",158
"344,20160531,",0
"344,20160601,",12
"344,20160602,",-1
"344,20160603,",-1
"344,20160604,",97
"344,20160605,",0
"344,20160606,",-1
"344,20160607,",-1
"344,20160608,",0
"344,20160609,",-1
"344,20160610,",-1
"344,20160611,",57
"344,20160612,",73
"344,20160613,",25
"344,20160614,",166
"344,20160615,",32
"344,20160616,",114
"344,20160617,",37
"344,20160618,",41
"344,20160619,",0
"344,20160620,",215
"344,20160621,",8
"344,20160622,",131
"344,20160623,",368
"344,20160624,",-1
"344,20160625,",-1
"344,20160626,",3
"344,20160627,",20
"344,20160628,",51
"344,20160629,",13
"344,20160630,",156
"344,20160701,",67
"344,20160702,",12
"344,20160703,",0
"344,20160704,",0
"344,20160705,",19
"344,20160706,",36
"344,20160707,",-1
"344,20160708,",10
"344,20160709,",0
"344,20160710,",0
"344,20160711,",0
"344,20160712,",10
"344,20160713,",3
"344,20160714,",0
"344,20160715,",0
"344,20160716,",0
"344,20160717,",-1
"344,20160718,",0
"344,20160719,",0
"344,20160720,",0
"344,20160721,",0
"344,20160722,",-1
"344,20160723,",-1
"344,20160724,",-1
"344,20160725,",2
"344,20160726,",0
"344,20160727,",38
"344,20160728,",17
"344,20160729,",15
"344,20160730,",17
"344,20160731,",2
"344,20160801,",16
"344,20160802,",62
"344,20160803,",32
"344,20160804,",2
"344,20160805,",0
"344,20160806,",4
"344,20160807,",-1
"344,20160808,",2
"344,20160809,",30
"344,20160810,",46
"344,20160811,",145
"344,20160812,",7
"344,20160813,",0
"344,20160814,",0
"344,20160815,",0
"344,20160816,",0
"344,20160817,",0
"344,20160818,",0
"344,20160819,",8
"344,20160820,",0
"344,20160821,",238
"344,20160822,",37
"344,20160823,",0
"344,20160824,",0
"344,20160825,",0
"344,20160826,",-1
"344,20160827,",0
"344,20160828,",80
"344,20160829,",24
"344,20160830,",0
"344,20160831,",0
"344,20160901,",0
"344,20160902,",8
"344,20160903,",4
"344,20160904,",44
"344,20160905,",0
"344,20160906,",-1
"344,20160907,",0
"344,20160908,",0
"344,20160909,",0
"344,20160910,",0
"344,20160911,",9
"344,20160912,",0
"344,20160913,",0
"344,20160914,",0
"344,20160915,",70
"344,20160916,",0
"344,20160917,",3
"344,20160918,",0
"344,20160919,",0
"344,20160920,",0
"344,20160921,",0
"344,20160922,",0
"344,20160923,",23
"344,20160924,",0
"344,20160925,",-1
"344,20160926,",1
"344,20160927,",4
"344,20160928,",6
"344,20160929,",51
"344,20160930,",-1
"344,20161001,",30
"344,20161002,",102
"344,20161003,",238
"344,20161004,",0
"344,20161005,",0
"344,20161006,",0
"344,20161007,",0
"344,20161008,",13
"344,20161009,",-1
"344,20161010,",0
"344,20161011,",0
"344,20161012,",0
"344,20161013,",0
"344,20161014,",52
"344,20161015,",58
"344,20161016,",4
"344,20161017,",8
"344,20161018,",115
"344,20161019,",53
"344,20161020,",21
"344,20161021,",4
"344,20161022,",0
"344,20161023,",0
"344,20161024,",0
"344,20161025,",0
"344,20161026,",-1
"344,20161027,",0
"344,20161028,",-1
"344,20161029,",0
"344,20161030,",0
"344,20161031,",0
"344,20161101,",24
"344,20161102,",35
"344,20161103,",13
"344,20161104,",32
"344,20161105,",51
"344,20161106,",81
"344,20161107,",8
"344,20161108,",83
"344,20161109,",44
"344,20161110,",120
"344,20161111,",0
"344,20161112,",4
"344,20161113,",20
"344,20161114,",28
"344,20161115,",23
"344,20161116,",89
"344,20161117,",152
"344,20161118,",10
"344,20161119,",-1
"344,20161120,",48
"344,20161121,",61
"344,20161122,",0
"344,20161123,",11
"344,20161124,",0
"344,20161125,",-1
"344,20161126,",0
"344,20161127,",1
"344,20161128,",0
"344,20161129,",0
"344,20161130,",0
"344,20161201,",0
"344,20161202,",5
"344,20161203,",0
"344,20161204,",0
"344,20161205,",0
"344,20161206,",0
"344,20161207,",0
"344,20161208,",-1
"344,20161209,",0
"344,20161210,",35
"344,20161211,",15
"344,20161212,",-1
"344,20161213,",-1
"344,20161214,",0
"344,20161215,",0
"344,20161216,",0
"344,20161217,",-1
"344,20161218,",0
"344,20161219,",0
"344,20161220,",0
"344,20161221,",44
"344,20161222,",9
"344,20161223,",6
"344,20161224,",3
"344,20161225,",5
"344,20161226,",10
"344,20161227,",0
"344,20161228,",0
"344,20161229,",0
"344,20161230,",-1
"344,20161231,",7
"344,20170101,",20
"344,20170102,",19
"344,20170103,",5
"344,20170104,",13
"344,20170105,",5
"344,20170106,",-1
"344,20170107,",26
"344,20170108,",0
"344,20170109,",77
"344,20170110,",22
"344,20170111,",5
"344,20170112,",179
"344,20170113,",107
"344,20170114,",39
"344,20170115,",16
"344,20170116,",0
"344,20170117,",-1
"344,20170118,",-1
"344,20170119,",0
"344,20170120,",0
"344,20170121,",0
"344,20170122,",0
"344,20170123,",-1
"344,20170124,",25
"344,20170125,",0
"344,20170126,",0
"344,20170127,",0
"344,20170128,",-1
"344,20170129,",29
"344,20170130,",61
"344,20170131,",0
"344,20170201,",10
"344,20170202,",12
"344,20170203,",2
"344,20170204,",66
"344,20170205,",-1
"344,20170206,",0
"344,20170207,",9
"344,20170208,",-1
"344,20170209,",0
"344,20170210,",3
"344,20170211,",36
"344,20170212,",10
"344,20170213,",0
"344,20170214,",0
"344,20170215,",8
"344,20170216,",0
"344,20170217,",6
"344,20170218,",0
"344,20170219,",1
"344,20170220,",41
"344,20170221,",7
"344,20170222,",185
"344,20170223,",87
"344,20170224,",10
"344,20170225,",2
"344,20170226,",22
"344,20170227,",88
"344,20170228,",70
"344,20170301,",52
"344,20170302,",56
"344,20170303,",3
"344,20170304,",18
"344,20170305,",51
"344,20170306,",5
"344,20170307,",-1
"344,20170308,",157
"344,20170309,",8
"344,20170310,",0
"344,20170311,",0
"344,20170312,",0
"344,20170313,",0
"344,20170314,",0
"344,20170315,",0
"344,20170316,",0
"344,20170317,",54
"344,20170318,",96
"344,20170319,",3
"344,20170320,",42
"344,20170321,",0
"344,20170322,",0
"344,20170323,",0
"344,20170324,",0
"344,20170325,",0
"344,20170326,",0
"344,20170327,",0
"344,20170328,",0
"344,20170329,",1
"344,20170330,",0
"344,20170331,",-1
"344,20170401,",5
"344,20170402,",0
"344,20170403,",0
"344,20170404,",0
"344,20170405,",0
"344,20170406,",-1
"344,20170407,",0
"344,20170408,",0
"344,20170409,",0
"344,20170410,",0
"344,20170411,",0
"344,20170412,",4
"344,20170413,",0
"344,20170414,",3
"344,20170415,",31
"344,20170416,",2
"344,20170417,",86
"344,20170418,",54
"344,20170419,",0
"344,20170420,",0
"344,20170421,",1
"344,20170422,",14
"344,20170423,",1
"344,20170424,",41
"344,20170425,",26
"344,20170426,",24
"344,20170427,",5
"344,20170428,",29
"344,20170429,",0
"344,20170430,",0
"344,20170501,",-1
"344,20170502,",99
"344,20170503,",55
"344,20170504,",-1
"344,20170505,",-1
"344,20170506,",0
"344,20170507,",1
"344,20170508,",-1
"344,20170509,",0
"344,20170510,",0
"344,20170511,",-1
"344,20170512,",107
"344,20170513,",21
"344,20170514,",-1
"344,20170515,",1
"344,20170516,",0
"344,20170517,",0
"344,20170518,",34
"344,20170519,",5
"344,20170520,",1
"344,20170521,",0
"344,20170522,",0
"344,20170523,",0
"344,20170524,",0
"344,20170525,",0
"344,20170526,",0
"344,20170527,",0
"344,20170528,",0
"344,20170529,",-1
"344,20170530,",-1
"344,20170531,",0
"344,20170601,",0
"344,20170602,",0
"344,20170603,",32
"344,20170604,",0
"344,20170605,",-1
"344,20170606,",87
"344,20170607,",38
"344,20170608,",14
"344,20170609,",106
"344,20170610,",0
"344,20170611,",0
"344,20170612,",0
"344,20170613,",0
"344,20170614,",0
"344,20170615,",0
"344,20170616,",0
"344,20170617,",0
"344,20170618,",0
"344,20170619,",0
"344,20170620,",0
"344,20170621,",0
"344,20170622,",22
"344,20170623,",0
"344,20170624,",13
"344,20170625,",24
"344,20170626,",-1
"344,20170627,",22
"344,20170628,",50
"344,20170629,",-1
"344,20170630,",41
"344,20170701,",79
"344,20170702,",-1
"344,20170703,",3
"344,20170704,",0
"344,20170705,",0
"344,20170706,",52
"344,20170707,",0
"344,20170708,",0
"344,20170709,",0
"344,20170710,",-1
"344,20170711,",96
"344,20170712,",363
"344,20170713,",0
"344,20170714,",34
"344,20170715,",7
"344,20170716,",18
"344,20170717,",-1
"344,20170718,",0
"344,20170719,",46
"344,20170720,",19
"344,20170721,",0
"344,20170722,",11
"344,20170723,",72
"344,20170724,",89
"344,20170725,",121
"344,20170726,",29
"344,20170727,",-1
"344,20170728,",31
"344,20170729,",313
"344,20170730,",25
"344,20170731,",-1
"344,20170801,",0
"344,20170802,",30
"344,20170803,",15
"344,20170804,",8
"344,20170805,",38
"344,20170806,",0
"344,20170807,",0
"344,20170808,",102
"344,20170809,",0
"344,20170810,",19
"344,20170811,",6
"344,20170812,",44
"344,20170813,",0
"344,20170814,",0
"344,20170815,",56
"344,20170816,",0
"344,20170817,",27
"344,20170818,",2
"344,20170819,",83
"344,20170820,",1
"344,20170821,",0
"344,20170822,",0
"344,20170823,",-1
"344,20170824,",0
"344,20170825,",0
"344,20170826,",0
"344,20170827,",0
"344,20170828,",0
"344,20170829,",5
"344,20170830,",344
"344,20170831,",82
"344,20170901,",43
"344,20170902,",-1
"344,20170903,",0
"344,20170904,",0
"344,20170905,",15
"344,20170906,",46
"344,20170907,",8
"344,20170908,",429
"344,20170909,",261
"344,20170910,",7
"344,20170911,",174
"344,20170912,",12
"344,20170913,",133
"344,20170914,",226
"344,20170915,",176
"344,20170916,",107
"344,20170917,",22
"344,20170918,",22
"344,20170919,",-1
"344,20170920,",3
"344,20170921,",0
"344,20170922,",2
"344,20170923,",0
"344,20170924,",0
"344,20170925,",0
"344,20170926,",0
"344,20170927,",0
"344,20170928,",21
"344,20170929,",138
"344,20170930,",7
"344,20171001,",-1
"344,20171002,",8
"344,20171003,",5
"344,20171004,",22
"344,20171005,",184
"344,20171006,",53
"344,20171007,",122
"344,20171008,",12
"344,20171009,",42
"344,20171010,",9
"344,20171011,",50
"344,20171012,",0
"344,20171013,",0
"344,20171014,",0
"344,20171015,",0
"344,20171016,",-1
"344,20171017,",0
"344,20171018,",-1
"344,20171019,",6
"344,20171020,",72
"344,20171021,",25
"344,20171022,",168
"344,20171023,",17
"344,20171024,",7
"344,20171025,",0
"344,20171026,",-1
"344,20171027,",19
"344,20171028,",0
"344,20171029,",13
"344,20171030,",8
"344,20171031,",-1
"344,20171101,",0
"344,20171102,",4
"344,20171103,",0
"344,20171104,",17
"344,20171105,",52
"344,20171106,",14
"344,20171107,",0
"344,20171108,",1
"344,20171109,",5
"344,20171110,",9
"344,20171111,",13
"344,20171112,",137
"344,20171113,",33
"344,20171114,",15
"344,20171115,",17
"344,20171116,",15
"344,20171117,",0
"344,20171118,",9
"344,20171119,",15
"344,20171120,",83
"344,20171121,",21
"344,20171122,",5
"344,20171123,",30
"344,20171124,",43
"344,20171125,",10
"344,20171126,",8
"344,20171127,",189
"344,20171128,",29
"344,20171129,",37
"344,20171130,",135
"344,20171201,",0
"344,20171202,",0
"344,20171203,",26
"344,20171204,",2
"344,20171205,",0
"344,20171206,",0
"344,20171207,",75
"344,20171208,",119
"344,20171209,",73
"344,20171210,",187
"344,20171211,",80
"344,20171212,",22
"344,20171213,",156
"344,20171214,",89
"344,20171215,",20
"344,20171216,",40
"344,20171217,",58
"344,20171218,",9
"344,20171219,",0
"344,20171220,",1
"344,20171221,",9
"344,20171222,",17
"344,20171223,",-1
"344,20171224,",3
"344,20171225,",6
"344,20171226,",14
"344,20171227,",59
"344,20171228,",12
"344,20171229,",99
"344,20171230,",59
"344,20171231,",253
"344,20180101,",19
"344,20180102,",64
"344,20180103,",89
"344,20180104,",10
"344,20180105,",60
"344,20180106,",0
"344,20180107,",0
"344,20180108,",0
"344,20180109,",-1
"344,20180110,",12
"344,20180111,",-1
"344,20180112,",0
"344,20180113,",0
"344,20180114,",0
"344,20180115,",140
"344,20180116,",32
"344,20180117,",13
"344,20180118,",115
"344,20180119,",13
"344,20180120,",12
"344,20180121,",23
"344,20180122,",5
"344,20180123,",14
"344,20180124,",52
"344,20180125,",1
"344,20180126,",0
"344,20180127,",14
"344,20180128,",3
"344,20180129,",28
"344,20180130,",0
"344,20180131,",62
"344,20180201,",71
"344,20180202,",59
"344,20180203,",50
"344,20180204,",1
"344,20180205,",0
"344,20180206,",0
"344,20180207,",0
"344,20180208,",-1
"344,20180209,",10
"344,20180210,",17
"344,20180211,",78
"344,20180212,",1
"344,20180213,",0
"344,20180214,",4
"344,20180215,",49
"344,20180216,",0
"344,20180217,",0
"344,20180218,",0
"344,20180219,",-1
"344,20180220,",0
"344,20180221,",0
"344,20180222,",0
"344,20180223,",0
"344,20180224,",0
"344,20180225,",0
"344,20180226,",0
"344,20180227,",0
"344,20180228,",-1
"344,20180301,",0
"344,20180302,",2
"344,20180303,",3
"344,20180304,",52
"344,20180305,",-1
"344,20180306,",-1
"344,20180307,",3
"344,20180308,",40
"344,20180309,",37
"344,20180310,",44
"344,20180311,",90
"344,20180312,",25
"344,20180313,",20
"344,20180314,",0
"344,20180315,",73
"344,20180316,",29
"344,20180317,",1
"344,20180318,",0
"344,20180319,",0
"344,20180320,",1
"344,20180321,",-1
"344,20180322,",64
"344,20180323,",0
"344,20180324,",0
"344,20180325,",0
"344,20180326,",0
"344,20180327,",31
"344,20180328,",115
"344,20180329,",7
"344,20180330,",47
"344,20180331,",-1
"344,20180401,",117
"344,20180402,",38
"344,20180403,",113
"344,20180404,",9
"344,20180405,",7
"344,20180406,",0
"344,20180407,",0
"344,20180408,",0
"344,20180409,",6
"344,20180410,",183
"344,20180411,",-1
"344,20180412,",6
"344,20180413,",0
"344,20180414,",17
"344,20180415,",25
"344,20180416,",1
"344,20180417,",0
"344,20180418,",0
"344,20180419,",0
"344,20180420,",0
"344,20180421,",0
"344,20180422,",-1
"344,20180423,",0
"344,20180424,",1
"344,20180425,",24
"344,20180426,",9
"344,20180427,",1
"344,20180428,",16
"344,20180429,",166
"344,20180430,",333
"344,20180501,",107
"344,20180502,",9
"344,20180503,",0
"344,20180504,",0
"344,20180505,",0
"344,20180506,",0
"344,20180507,",0
"344,20180508,",0
"344,20180509,",0
"344,20180510,",0
"344,20180511,",0
"344,20180512,",0
"344,20180513,",-1
"344,20180514,",0
"344,20180515,",0
"344,20180516,",0
"344,20180517,",0
"344,20180518,",0
"344,20180519,",0
"344,20180520,",0
"344,20180521,",0
"344,20180522,",42
"344,20180523,",11
"344,20180524,",15
"344,20180525,",0
"344,20180526,",0
"344,20180527,",-1
"344,20180528,",0
"344,20180529,",178
"344,20180530,",16
"344,20180531,",162
"344,20180601,",155
"344,20180602,",33
"344,20180603,",0
"344,20180604,",0
"344,20180605,",0
"344,20180606,",0
"344,20180607,",0
"344,20180608,",10
"344,20180609,",0
"344,20180610,",0
"344,20180611,",0
"344,20180612,",0
"344,20180613,",0
"344,20180614,",8
"344,20180615,",0
"344,20180616,",-1
"344,20180617,",1
"344,20180618,",2
"344,20180619,",0
"344,20180620,",0
"344,20180621,",-1
"344,20180622,",-1
"344,20180623,",0
"344,20180624,",0
"344,20180625,",0
"344,20180626,",0
"344,20180627,",0
"344,20180628,",0
"344,20180629,",0
"344,20180630,",0
"344,20180701,",0
"344,20180702,",0
"344,20180703,",0
"344,20180704,",0
"344,20180705,",0
"344,20180706,",0
"344,20180707,",0
"344,20180708,",0
"344,20180709,",-1
"344,20180710,",1
"344,20180711,",0
"344,20180712,",0
"344,20180713,",0
"344,20180714,",0
"344,20180715,",0
"344,20180716,",4
"344,20180717,",-1
"344,20180718,",0
"344,20180719,",0
"344,20180720,",-1
"344,20180721,",0
"344,20180722,",0
"344,20180723,",0
"344,20180724,",0
"344,20180725,",0
"344,20180726,",102
"344,20180727,",0
"344,20180728,",30
"344,20180729,",-1
"344,20180730,",-1
"344,20180731,",-1
"344,20180801,",0
"344,20180802,",0
"344,20180803,",0
"344,20180804,",0
"344,20180805,",0
"344,20180806,",0
"344,20180807,",25
"344,20180808,",6
"344,20180809,",94
"344,20180810,",83
"344,20180811,",-1
"344,20180812,",-1
"344,20180813,",4
"344,20180814,",3
"344,20180815,",-1
"344,20180816,",50
"344,20180817,",1
"344,20180818,",0
"344,20180819,",0
"344,20180820,",0
"344,20180821,",0
"344,20180822,",0
"344,20180823,",25
"344,20180824,",157
"344,20180825,",161
"344,20180826,",15
"344,20180827,",1
"344,20180828,",0
"344,20180829,",95
"344,20180830,",-1
"344,20180831,",0
"344,20180901,",0
"344,20180902,",0
"344,20180903,",23
"344,20180904,",-1
"344,20180905,",412
"344,20180906,",57
"344,20180907,",57
"344,20180908,",-1
"344,20180909,",-1
"344,20180910,",0
"344,20180911,",0
"344,20180912,",9
"344,20180913,",0
"344,20180914,",-1
"344,20180915,",-1
"344,20180916,",0
"344,20180917,",0
"344,20180918,",0
"344,20180919,",0
"344,20180920,",0
"344,20180921,",82
"344,20180922,",96
"344,20180923,",152
"344,20180924,",11
"344,20180925,",-1
"344,20180926,",0
"344,20180927,",0
"344,20180928,",0
"344,20180929,",0
"344,20180930,",18
"344,20181001,",66
"344,20181002,",69
"344,20181003,",-1
"344,20181004,",0
"344,20181005,",0
"344,20181006,",14
"344,20181007,",0
"344,20181008,",0
"344,20181009,",0
"344,20181010,",0
"344,20181011,",24
"344,20181012,",0
"344,20181013,",0
"344,20181014,",0
"344,20181015,",0
"344,20181016,",0
"344,20181017,",0
"344,20181018,",1
"344,20181019,",0
"344,20181020,",0
"344,20181021,",0
"344,20181022,",8
"344,20181023,",0
"344,20181024,",7
"344,20181025,",8
"344,20181026,",66
"344,20181027,",53
"344,20181028,",0
"344,20181029,",0
"344,20181030,",260
"344,20181031,",24
"344,20181101,",11
"344,20181102,",38
"344,20181103,",0
"344,20181104,",0
"344,20181105,",0
"344,20181106,",0
"344,20181107,",7
"344,20181108,",0
"344,20181109,",0
"344,20181110,",51
"344,20181111,",6
"344,20181112,",33
"344,20181113,",1
"344,20181114,",0
"344,20181115,",0
"344,20181116,",0
"344,20181117,",0
"344,20181118,",0
"344,20181119,",-1
"344,20181120,",2
"344,20181121,",2
"344,20181122,",0
"344,20181123,",0
"344,20181124,",0
"344,20181125,",0
"344,20181126,",2
"344,20181127,",0
"344,20181128,",62
"344,20181129,",47
"344,20181130,",-1
"344,20181201,",39
"344,20181202,",109
"344,20181203,",12
"344,20181204,",7
"344,20181205,",27
"344,20181206,",28
"344,20181207,",130
"344,20181208,",90
"344,20181209,",45
"344,20181210,",37
"344,20181211,",-1
"344,20181212,",0
"344,20181213,",0
"344,20181214,",0
"344,20181215,",35
"344,20181216,",20
"344,20181217,",32
"344,20181218,",0
"344,20181219,",13
"344,20181220,",32
"344,20181221,",136
"344,20181222,",40
"344,20181223,",101
"344,20181224,",-1
"344,20181225,",0
"344,20181226,",0
"344,20181227,",0
"344,20181228,",-1
"344,20181229,",-1
"344,20181230,",4
"344,20181231,",-1
"344,20190101,",9
"344,20190102,",4
"344,20190103,",20
"344,20190104,",2
"344,20190105,",-1
"344,20190106,",-1
"344,20190107,",12
"344,20190108,",24
"344,20190109,",31
"344,20190110,",13
"344,20190111,",16
"344,20190112,",31
"344,20190113,",53
"344,20190114,",14
"344,20190115,",0
"344,20190116,",40
"344,20190117,",95
"344,20190118,",0
"344,20190119,",0
"344,20190120,",0
"344,20190121,",0
"344,20190122,",14
"344,20190123,",0
"344,20190124,",-1
"344,20190125,",13
"344,20190126,",27
"344,20190127,",130
"344,20190128,",77
"344,20190129,",1
"344,20190130,",13
"344,20190131,",-1
"344,20190201,",2
"344,20190202,",18
"344,20190203,",-1
"344,20190204,",44
"344,20190205,",-1
"344,20190206,",159
"344,20190207,",48
"344,20190208,",21
"344,20190209,",-1
"344,20190210,",254
"344,20190211,",-1
"344,20190212,",0
"344,20190213,",0
"344,20190214,",0
"344,20190215,",0
"344,20190216,",0
"344,20190217,",0
"344,20190218,",1
"344,20190219,",0
"344,20190220,",0
"344,20190221,",6
"344,20190222,",0
"344,20190223,",0
"344,20190224,",0
"344,20190225,",0
"344,20190226,",0
"344,20190227,",0
"344,20190228,",133
"344,20190301,",2
"344,20190302,",2
"344,20190303,",74
"344,20190304,",28
"344,20190305,",11
"344,20190306,",28
"344,20190307,",199
"344,20190308,",35
"344,20190309,",21
"344,20190310,",121
"344,20190311,",6
"344,20190312,",54
"344,20190313,",33
"344,20190314,",87
"344,20190315,",64
"344,20190316,",72
"344,20190317,",57
"344,20190318,",9
"344,20190319,",0
"344,20190320,",1
"344,20190321,",0
"344,20190322,",0
"344,20190323,",0
"344,20190324,",0
"344,20190325,",4
"344,20190326,",0
"344,20190327,",0
"344,20190328,",-1
"344,20190329,",0
"344,20190330,",0
"344,20190331,",12
"344,20190401,",0
"344,20190402,",46
"344,20190403,",14
"344,20190404,",0
"344,20190405,",0
"344,20190406,",-1
"344,20190407,",-1
"344,20190408,",0
"344,20190409,",0
"344,20190410,",0
"344,20190411,",0
"344,20190412,",-1
"344,20190413,",4
"344,20190414,",0
"344,20190415,",0
"344,20190416,",0
"344,20190417,",4
"344,20190418,",0
"344,20190419,",0
"344,20190420,",0
"344,20190421,",0
"344,20190422,",0
"344,20190423,",0
"344,20190424,",86
"344,20190425,",35
"344,20190426,",0
"344,20190427,",40
"344,20190428,",36
"344,20190429,",0
"344,20190430,",0
"344,20190501,",0
"344,20190502,",19
"344,20190503,",30
"344,20190504,",31
"344,20190505,",37
"344,20190506,",1
"344,20190507,",-1
"344,20190508,",66
"344,20190509,",84
"344,20190510,",0
"344,20190511,",0
"344,20190512,",1
"344,20190513,",0
"344,20190514,",0
"344,20190515,",0
"344,20190516,",-1
"344,20190517,",0
"344,20190518,",4
"344,20190519,",-1
"344,20190520,",-1
"344,20190521,",-1
"344,20190522,",0
"344,20190523,",0
"344,20190524,",0
"344,20190525,",-1
"344,20190526,",32
"344,20190527,",1
"344,20190528,",141
"344,20190529,",-1
"344,20190530,",16
"344,20190531,",0
"344,20190601,",0
"344,20190602,",15
"344,20190603,",0
"344,20190604,",34
"344,20190605,",109
"344,20190606,",64
"344,20190607,",11
"344,20190608,",26
"344,20190609,",-1
"344,20190610,",34
"344,20190611,",-1
"344,20190612,",288
"344,20190613,",5
"344,20190614,",13
"344,20190615,",245
"344,20190616,",-1
"344,20190617,",0
"344,20190618,",0
"344,20190619,",62
"344,20190620,",2
"344,20190621,",6
"344,20190622,",0
"344,20190623,",0
"344,20190624,",0
"344,20190625,",0
"344,20190626,",0
"344,20190627,",0
"344,20190628,",0
"344,20190629,",0
"344,20190630,",0
"344,20190701,",0
"344,20190702,",-1
"344,20190703,",0
"344,20190704,",0
"344,20190705,",0
"344,20190706,",39
"344,20190707,",-1
"344,20190708,",-1
"344,20190709,",0
"344,20190710,",42
"344,20190711,",0
"344,20190712,",194
"344,20190713,",5
"344,20190714,",13
"344,20190715,",0
"344,20190716,",0
"344,20190717,",0
"344,20190718,",15
"344,20190719,",0
"344,20190720,",109
"344,20190721,",0
"344,20190722,",0
"344,20190723,",0
"344,20190724,",0
"344,20190725,",0
"344,20190726,",-1
"344,20190727,",92
"344,20190728,",40
"344,20190729,",0
"344,20190730,",0
"344,20190731,",26
"344,20190801,",1
"344,20190802,",22
"344,20190803,",0
"344,20190804,",-1
"344,20190805,",-1
"344,20190806,",0
"344,20190807,",5
"344,20190808,",0
"344,20190809,",60
"344,20190810,",-1
"344,20190811,",-1
"344,20190812,",184
"344,20190813,",151
"344,20190814,",77
"344,20190815,",14
"344,20190816,",8
"344,20190817,",16
"344,20190818,",3
"344,20190819,",0
"344,20190820,",8
"344,20190821,",0
"344,20190822,",0
"344,20190823,",0
"344,20190824,",0
"344,20190825,",0
"344,20190826,",0
"344,20190827,",0
"344,20190828,",6
"344,20190829,",-1
"344,20190830,",0
"344,20190831,",4
"344,20190901,",9
"344,20190902,",9
"344,20190903,",-1
"344,20190904,",96
"344,20190905,",17
"344,20190906,",26
"344,20190907,",93
"344,20190908,",30
"344,20190909,",3
"344,20190910,",0
"344,20190911,",39
"344,20190912,",10
"344,20190913,",-1
"344,20190914,",0
"344,20190915,",0
"344,20190916,",9
"344,20190917,",0
"344,20190918,",-1
"344,20190919,",-1
"344,20190920,",0
"344,20190921,",0
"344,20190922,",24
"344,20190923,",6
"344,20190924,",46
"344,20190925,",52
"344,20190926,",164
"344,20190927,",33
"344,20190928,",50
"344,20190929,",158
"344,20190930,",65
"344,20191001,",105
"344,20191002,",64
"344,20191003,",60
"344,20191004,",126
"344,20191005,",0
"344,20191006,",197
"344,20191007,",15
"344,20191008,",44
"344,20191009,",8
"344,20191010,",5
"344,20191011,",17
"344,20191012,",73
"344,20191013,",23
"344,20191014,",11
"344,20191015,",-1
"344,20191016,",78
"344,20191017,",11
"344,20191018,",2
"344,20191019,",12
"344,20191020,",-1
"344,20191021,",121
"344,20191022,",11
"344,20191023,",-1
"344,20191024,",21
"344,20191025,",-1
"344,20191026,",36
"344,20191027,",1
"344,20191028,",-1
"344,20191029,",0
"344,20191030,",0
"344,20191031,",0
"344,20191101,",31
"344,20191102,",112
"344,20191103,",40
"344,20191104,",8
"344,20191105,",25
"344,20191106,",20
"344,20191107,",76
"344,20191108,",-1
"344,20191109,",32
"344,20191110,",0
"344,20191111,",106
"344,20191112,",132
"344,20191113,",190
"344,20191114,",1
"344,20191115,",0
"344,20191116,",0
"344,20191117,",0
"344,20191118,",34
"344,20191119,",44
"344,20191120,",0
"344,20191121,",0
"344,20191122,",4
"344,20191123,",0
"344,20191124,",0
"344,20191125,",0
"344,20191126,",21
"344,20191127,",97
"344,20191128,",180
"344,20191129,",18
"344,20191130,",-1
"344,20191201,",0
"344,20191202,",34
"344,20191203,",0
"344,20191204,",0
"344,20191205,",0
"344,20191206,",114
"344,20191207,",-1
"344,20191208,",44
"344,20191209,",71
"344,20191210,",2
"344,20191211,",33
"344,20191212,",32
"344,20191213,",40
"344,20191214,",55
"344,20191215,",10
"344,20191216,",23
"344,20191217,",15
"344,20191218,",-1
"344,20191219,",8
"344,20191220,",10
"344,20191221,",14
"344,20191222,",65
"344,20191223,",-1
"344,20191224,",42
"344,20191225,",8
"344,20191226,",49
"344,20191227,",5
"344,20191228,",0
"344,20191229,",0
"344,20191230,",0
"344,20191231,",0
"344,20200101,",0
"344,20200102,",0
"344,20200103,",27
"344,20200104,",1
"344,20200105,",-1
"344,20200106,",7
"344,20200107,",-1
"344,20200108,",23
"344,20200109,",31
"344,20200110,",8
"344,20200111,",0
"344,20200112,",7
"344,20200113,",3
"344,20200114,",72
"344,20200115,",30
"344,20200116,",0
"344,20200117,",5
"344,20200118,",10
"344,20200119,",18
"344,20200120,",0
"344,20200121,",0
"344,20200122,",-1
"344,20200123,",0
"344,20200124,",0
"344,20200125,",0
"344,20200126,",24
"344,20200127,",79
"344,20200128,",47
"344,20200129,",1
"344,20200130,",12
"344,20200131,",-1
"344,20200201,",5
"344,20200202,",66
"344,20200203,",32
"344,20200204,",27
"344,20200205,",0
"344,20200206,",0
"344,20200207,",0
"344,20200208,",14
"344,20200209,",89
"344,20200210,",26
"344,20200211,",-1
"344,20200212,",0
"344,20200213,",138
"344,20200214,",1
"344,20200215,",-1
"344,20200216,",151
"344,20200217,",32
"344,20200218,",8
"344,20200219,",11
"344,20200220,",66
"344,20200221,",0
"344,20200222,",2
"344,20200223,",200
"344,20200224,",76
"344,20200225,",100
"344,20200226,",119
"344,20200227,",63
"344,20200228,",125
"344,20200229,",22
"344,20200301,",7
"344,20200302,",65
"344,20200303,",12
"344,20200304,",3
"344,20200305,",169
"344,20200306,",53
"344,20200307,",2
"344,20200308,",4
"344,20200309,",39
"344,20200310,",154
"344,20200311,",20
"344,20200312,",5
"344,20200313,",23
"344,20200314,",3
"344,20200315,",0
"344,20200316,",0
"344,20200317,",0
"344,20200318,",0
"344,20200319,",0
"344,20200320,",-1
"344,20200321,",0
"344,20200322,",0
"344,20200323,",0
"344,20200324,",0
"344,20200325,",0
"344,20200326,",0
"344,20200327,",0
"344,20200328,",0
"344,20200329,",1
"344,20200330,",18
"344,20200331,",0
"344,20200401,",0
"344,20200402,",6
"344,20200403,",0
"344,20200404,",0
"344,20200405,",0
"344,20200406,",-1
"344,20200407,",0
"344,20200408,",0
"344,20200409,",0
"344,20200410,",0
"344,20200411,",0
"344,20200412,",-1
"344,20200413,",-1
"344,20200414,",1
"344,20200415,",0
"344,20200416,",0
"344,20200417,",0
"344,20200418,",19
"344,20200419,",12
"344,20200420,",0
"344,20200421,",0
"344,20200422,",0
"344,20200423,",0
"344,20200424,",0
"344,20200425,",0
"344,20200426,",0
"344,20200427,",0
"344,20200428,",44
"344,20200429,",32
"344,20200430,",24
"344,20200501,",55
"344,20200502,",0
"344,20200503,",5
"344,20200504,",5
"344,20200505,",0
"344,20200506,",0
"344,20200507,",0
"344,20200508,",0
"344,20200509,",0
"344,20200510,",0
"344,20200511,",0
"344,20200512,",-1
"344,20200513,",0
"344,20200514,",0
"344,20200515,",0
"344,20200516,",0
"344,20200517,",0
"344,20200518,",0
"344,20200519,",0
"344,20200520,",0
"344,20200521,",0
"344,20200522,",2
"344,20200523,",0
"344,20200524,",8
"344,20200525,",-1
"344,20200526,",0
"344,20200527,",0
"344,20200528,",0
"344,20200529,",0
"344,20200530,",0
"344,20200531,",0
"344,20200601,",0
"344,20200602,",0
"344,20200603,",0
"344,20200604,",7
"344,20200605,",168
"344,20200606,",73
"344,20200607,",58
"344,20200608,",21
"344,20200609,",0
"344,20200610,",-1
"344,20200611,",15
"344,20200612,",175
"344,20200613,",9
"344,20200614,",261
"344,20200615,",-1
"344,20200616,",25
"344,20200617,",306
"344,20200618,",100
"344,20200619,",0
"344,20200620,",0
"344,20200621,",0
"344,20200622,",0
"344,20200623,",0
"344,20200624,",0
"344,20200625,",0
"344,20200626,",6
"344,20200627,",16
"344,20200628,",-1
"344,20200629,",1
"344,20200630,",122
"344,20200701,",6
"344,20200702,",1
"344,20200703,",-1
"344,20200704,",108
"344,20200705,",0
"344,20200706,",5
"344,20200707,",15
"344,20200708,",55
"344,20200709,",64
"344,20200710,",48
"344,20200711,",6
"344,20200712,",0
"344,20200713,",0
"344,20200714,",78
"344,20200715,",0
"344,20200716,",26
"344,20200717,",-1
"344,20200718,",0
"344,20200719,",32
"344,20200720,",0
"344,20200721,",0
"344,20200722,",0
"344,20200723,",0
"344,20200724,",6
"344,20200725,",294
"344,20200726,",17
"344,20200727,",1
"344,20200728,",-1
"344,20200729,",0
"344,20200730,",0
"344,20200731,",2
"344,20200801,",3
"344,20200802,",0
"344,20200803,",41
"344,20200804,",0
"344,20200805,",0
"344,20200806,",0
"344,20200807,",0
"344,20200808,",0
"344,20200809,",0
"344,20200810,",-1
"344,20200811,",0
"344,20200812,",0
"344,20200813,",15
"344,20200814,",-1
"344,20200815,",105
"344,20200816,",47
"344,20200817,",27
"344,20200818,",14
"344,20200819,",19
"344,20200820,",7
"344,20200821,",-1
"344,20200822,",15
"344,20200823,",62
"344,20200824,",55
"344,20200825,",30
"344,20200826,",41
"344,20200827,",17
"344,20200828,",73
"344,20200829,",77
"344,20200830,",18
"344,20200831,",0
"344,20200901,",0
"344,20200902,",0
"344,20200903,",95
"344,20200904,",3
"344,20200905,",46
"344,20200906,",5
"344,20200907,",0
"344,20200908,",-1
"344,20200909,",1
"344,20200910,",0
"344,20200911,",0
"344,20200912,",0
"344,20200913,",0
"344,20200914,",0
"344,20200915,",0
"344,20200916,",0
"344,20200917,",0
"344,20200918,",0
"344,20200919,",0
"344,20200920,",0
"344,20200921,",0
"344,20200922,",0
"344,20200923,",220
"344,20200924,",14
"344,20200925,",129
"344,20200926,",120
"344,20200927,",54
"344,20200928,",151
"344,20200929,",32
"344,20200930,",12
"344,20201001,",67
"344,20201002,",7
"344,20201003,",71
"344,20201004,",74
"344,20201005,",69
"344,20201006,",209
"344,20201007,",85
"344,20201008,",100
"344,20201009,",66
"344,20201010,",100
"344,20201011,",90
"344,20201012,",-1
"344,20201013,",-1
"344,20201014,",0
"344,20201015,",0
"344,20201016,",0
"344,20201017,",9
"344,20201018,",8
"344,20201019,",9
"344,20201020,",4
"344,20201021,",83
"344,20201022,",-1
"344,20201023,",5
"344,20201024,",4
"344,20201025,",130
"344,20201026,",8
"344,20201027,",24
"344,20201028,",194
"344,20201029,",76
"344,20201030,",8
"344,20201031,",18
"344,20201101,",19
"344,20201102,",7
"344,20201103,",5
"344,20201104,",0
"344,20201105,",-1
"344,20201106,",0
"344,20201107,",0
"344,20201108,",0
"344,20201109,",0
"344,20201110,",2
"344,20201111,",0
"344,20201112,",54
"344,20201113,",-1
"344,20201114,",13
"344,20201115,",105
"344,20201116,",3
"344,20201117,",21
"344,20201118,",3
"344,20201119,",39
"344,20201120,",4
"344,20201121,",2
"344,20201122,",49
"344,20201123,",0
"344,20201124,",0
"344,20201125,",0
"344,20201126,",65
"344,20201127,",6
"344,20201128,",0
"344,20201129,",0
"344,20201130,",130
"344,20201201,",19
"344,20201202,",4
"344,20201203,",47
"344,20201204,",16
"344,20201205,",0
"344,20201206,",0
"344,20201207,",50
"344,20201208,",0
"344,20201209,",1
"344,20201210,",0
"344,20201211,",18
"344,20201212,",8
"344,20201213,",7
"344,20201214,",38
"344,20201215,",-1
"344,20201216,",1
"344,20201217,",45
"344,20201218,",0
"344,20201219,",3
"344,20201220,",-1
"344,20201221,",226
"344,20201222,",27
"344,20201223,",136
"344,20201224,",44
"344,20201225,",33
"344,20201226,",20
"344,20201227,",95
"344,20201228,",9
"344,20201229,",85
"344,20201230,",70
"344,20201231,",5
"344,20210101,",18
"344,20210102,",7
"344,20210103,",-1
"344,20210104,",18
"344,20210105,",-1
"344,20210106,",2
"344,20210107,",93
"344,20210108,",30
"344,20210109,",1
"344,20210110,",3
"344,20210111,",23
"344,20210112,",107
"344,20210113,",7
"344,20210114,",-1
"344,20210115,",0
"344,20210116,",18
"344,20210117,",24
"344,20210118,",10
"344,20210119,",149
"344,20210120,",-1
"344,20210121,",136
"344,20210122,",3
"344,20210123,",28
"344,20210124,",29
"344,20210125,",12
"344,20210126,",45
"344,20210127,",11
"344,20210128,",112
"344,20210129,",85
"344,20210130,",1
"344,20210131,",4
"344,20210201,",25
"344,20210202,",70
"344,20210203,",132
"344,20210204,",11
"344,20210205,",21
"344,20210206,",24
"344,20210207,",64
"344,20210208,",1
"344,20210209,",-1
"344,20210210,",-1
"344,20210211,",0
"344,20210212,",0
"344,20210213,",0
"344,20210214,",0
"344,20210215,",60
"344,20210216,",14
"344,20210217,",-1
"344,20210218,",34
"344,20210219,",0
"344,20210220,",0
"344,20210221,",0
"344,20210222,",0
"344,20210223,",0
"344,20210224,",0
"344,20210225,",5
"344,20210226,",-1
"344,20210227,",0
"344,20210228,",0
"344,20210301,",0
"344,20210302,",0
"344,20210303,",0
"344,20210304,",-1
"344,20210305,",0
"344,20210306,",0
"344,20210307,",0
"344,20210308,",23
"344,20210309,",27
"344,20210310,",38
"344,20210311,",14
"344,20210312,",27
"344,20210313,",35
"344,20210314,",25
"344,20210315,",11
"344,20210316,",40
"344,20210317,",-1
"344,20210318,",1
"344,20210319,",0
"344,20210320,",2
"344,20210321,",-1
"344,20210322,",-1
"344,20210323,",0
"344,20210324,",0
"344,20210325,",1
"344,20210326,",27
"344,20210327,",52
"344,20210328,",0
"344,20210329,",0
"344,20210330,",0
"344,20210331,",0
"344,20210401,",0
"344,20210402,",-1
"344,20210403,",-1
"344,20210404,",0
"344,20210405,",65
"344,20210406,",106
"344,20210407,",70
"344,20210408,",1
"344,20210409,",0
"344,20210410,",104
"344,20210411,",5
"344,20210412,",41
"344,20210413,",0
"344,20210414,",6
"344,20210415,",0
"344,20210416,",0
"344,20210417,",0
"344,20210418,",0
"344,20210419,",7
"344,20210420,",0
"344,20210421,",0
"344,20210422,",0
"344,20210423,",0
"344,20210424,",0
"344,20210425,",0
"344,20210426,",0
"344,20210427,",0
"344,20210428,",-1
"344,20210429,",95
"344,20210430,",24
"344,20210501,",-1
"344,20210502,",0
"344,20210503,",11
"344,20210504,",46
"344,20210505,",61
"344,20210506,",65
"344,20210507,",41
"344,20210508,",33
"344,20210509,",70
"344,20210510,",43
"344,20210511,",7
"344,20210512,",22
"344,20210513,",133
"344,20210514,",0
"344,20210515,",9
"344,20210516,",93
"344,20210517,",60
"344,20210518,",13
"344,20210519,",7
"344,20210520,",-1
"344,20210521,",3
"344,20210522,",146
"344,20210523,",19
"344,20210524,",82
"344,20210525,",182
"344,20210526,",21
"344,20210527,",1
"344,20210528,",0
"344,20210529,",0
"344,20210530,",0
"344,20210531,",0
"344,20210601,",0
"344,20210602,",0
"344,20210603,",0
"344,20210604,",2
"344,20210605,",0
"344,20210606,",0
"344,20210607,",0
"344,20210608,",0
"344,20210609,",0
"344,20210610,",0
"344,20210611,",0
"344,20210612,",0
"344,20210613,",0
"344,20210614,",0
"344,20210615,",0
"344,20210616,",0
"344,20210617,",0
"344,20210618,",197
"344,20210619,",233
"344,20210620,",111
"344,20210621,",70
"344,20210622,",-1
"344,20210623,",-1
"344,20210624,",0
"344,20210625,",53
"344,20210626,",1
"344,20210627,",41
"344,20210628,",8
"344,20210629,",8
"344,20210630,",36
"344,20210701,",-1
"344,20210702,",-1
"344,20210703,",2
"344,20210704,",3
"344,20210705,",15
"344,20210706,",20
"344,20210707,",-1
"344,20210708,",0
"344,20210709,",0
"344,20210710,",12
"344,20210711,",1
"344,20210712,",29
"344,20210713,",0
"344,20210714,",0
"344,20210715,",0
"344,20210716,",0
"344,20210717,",0
"344,20210718,",0
"344,20210719,",0
"344,20210720,",0
"344,20210721,",0
"344,20210722,",0
"344,20210723,",0
"344,20210724,",62
"344,20210725,",48
"344,20210726,",285
"344,20210727,",98
"344,20210728,",98
"344,20210729,",3
"344,20210730,",32
"344,20210731,",70
"344,20210801,",153
"344,20210802,",-1
"344,20210803,",0
"344,20210804,",18
"344,20210805,",2
"344,20210806,",16
"344,20210807,",40
"344,20210808,",140
"344,20210809,",22
"344,20210810,",1
"344,20210811,",0
"344,20210812,",-1
"344,20210813,",0
"344,20210814,",0
"344,20210815,",0
"344,20210816,",23
"344,20210817,",61
"344,20210818,",2
"344,20210819,",15
"344,20210820,",-1
"344,20210821,",46
"344,20210822,",101
"344,20210823,",0
"344,20210824,",0
"344,20210825,",1
"344,20210826,",13
"344,20210827,",-1
"344,20210828,",1
"344,20210829,",3
"344,20210830,",0
"344,20210831,",0
"344,20210901,",0
"344,20210902,",0
"344,20210903,",0
"344,20210904,",0
"344,20210905,",0
"344,20210906,",0
"344,20210907,",0
"344,20210908,",0
"344,20210909,",0
"344,20210910,",-1
"344,20210911,",-1
"344,20210912,",0
"344,20210913,",-1
"344,20210914,",-1
"344,20210915,",-1
"344,20210916,",0
"344,20210917,",0
"344,20210918,",0
"344,20210919,",0
"344,20210920,",-1
"344,20210921,",0
"344,20210922,",0
"344,20210923,",-1
"344,20210924,",0
"344,20210925,",0
"344,20210926,",-1
"344,20210927,",49
"344,20210928,",0
"344,20210929,",239
"344,20210930,",-1
"344,20211001,",85
"344,20211002,",110
"344,20211003,",131
"344,20211004,",0
"344,20211005,",114
"344,20211006,",144
"344,20211007,",-1
"344,20211008,",0
"344,20211009,",0
"344,20211010,",4
"344,20211011,",1
"344,20211012,",89
"344,20211013,",10
"344,20211014,",3
"344,20211015,",18
"344,20211016,",0
"344,20211017,",-1
"344,20211018,",-1
"344,20211019,",23
"344,20211020,",323
"344,20211021,",168
"344,20211022,",14
"344,20211023,",0
"344,20211024,",0
"344,20211025,",16
"344,20211026,",2
"344,20211027,",-1
"344,20211028,",0
"344,20211029,",1
"344,20211030,",100
"344,20211031,",74
"344,20211101,",-1
"344,20211102,",4
"344,20211103,",-1
"344,20211104,",81
"344,20211105,",-1
"344,20211106,",4
"344,20211107,",5
"344,20211108,",0
"344,20211109,",1
"344,20211110,",0
"344,20211111,",0
"344,20211112,",6
"344,20211113,",82
"344,20211114,",-1
"344,20211115,",-1
"344,20211116,",0
"344,20211117,",5
"344,20211118,",0
"344,20211119,",0
"344,20211120,",1
"344,20211121,",21
"344,20211122,",0
"344,20211123,",3
"344,20211124,",0
"344,20211125,",17
"344,20211126,",213
"344,20211127,",26
"344,20211128,",32
"344,20211129,",36
"344,20211130,",64
"344,20211201,",42
"344,20211202,",34
"344,20211203,",5
"344,20211204,",40
"344,20211205,",41
"344,20211206,",65
"344,20211207,",48
"344,20211208,",1
"344,20211209,",9
"344,20211210,",45
"344,20211211,",17
"344,20211212,",17
"344,20211213,",0
"344,20211214,",2
"344,20211215,",0
"344,20211216,",0
"344,20211217,",0
"344,20211218,",0
"344,20211219,",-1
"344,20211220,",-1
"344,20211221,",0
"344,20211222,",0
"344,20211223,",19
"344,20211224,",20
"344,20211225,",2
"344,20211226,",1
"344,20211227,",26
"344,20211228,",59
"344,20211229,",31
"344,20211230,",0
"344,20211231,",-1
"344,20220101,",2
"344,20220102,",64
"344,20220103,",0
"344,20220104,",8
"344,20220105,",48
"344,20220106,",4
"344,20220107,",23
"344,20220108,",183
"344,20220109,",5
"344,20220110,",-1
"344,20220111,",5
"344,20220112,",6
"344,20220113,",0
"344,20220114,",0
"344,20220115,",0
"344,20220116,",2
"344,20220117,",0
"344,20220118,",0
"344,20220119,",11
"344,20220120,",16
"344,20220121,",2
"344,20220122,",-1
"344,20220123,",0
"344,20220124,",0
"344,20220125,",0
"344,20220126,",0
"344,20220127,",23
"344,20220128,",0
"344,20220129,",0
"344,20220130,",2
"344,20220131,",53
"344,20220201,",17
"344,20220202,",-1
"344,20220203,",6
"344,20220204,",58
"344,20220205,",66
"344,20220206,",151
"344,20220207,",8
"344,20220208,",0
"344,20220209,",3
"344,20220210,",20
"344,20220211,",3
"344,20220212,",0
"344,20220213,",0
"344,20220214,",30
"344,20220215,",90
"344,20220216,",82
"344,20220217,",23
"344,20220218,",19
"344,20220219,",80
"344,20220220,",229
"344,20220221,",36
"344,20220222,",18
"344,20220223,",0
"344,20220224,",55
"344,20220225,",11
"344,20220226,",0
"344,20220227,",0
"344,20220228,",0
"344,20220301,",19
"344,20220302,",0
"344,20220303,",0
"344,20220304,",0
"344,20220305,",0
"344,20220306,",0
"344,20220307,",0
"344,20220308,",0
"344,20220309,",0
"344,20220310,",0
"344,20220311,",-1
"344,20220312,",-1
"344,20220313,",-1
"344,20220314,",3
"344,20220315,",0
"344,20220316,",-1
"344,20220317,",6
"344,20220318,",0
"344,20220319,",0
"344,20220320,",6
"344,20220321,",0
"344,20220322,",0
"344,20220323,",0
"344,20220324,",0
"344,20220325,",0
"344,20220326,",0
"344,20220327,",0
"344,20220328,",0
"344,20220329,",0
"344,20220330,",14
"344,20220331,",71
"344,20220401,",25
"344,20220402,",-1
"344,20220403,",-1
"344,20220404,",97
"344,20220405,",36
"344,20220406,",22
"344,20220407,",111
"344,20220408,",3
"344,20220409,",4
"344,20220410,",0
"344,20220411,",0
"344,20220412,",0
"344,20220413,",0
"344,20220414,",0
"344,20220415,",0
"344,20220416,",0
"344,20220417,",0
"344,20220418,",0
"344,20220419,",0
"344,20220420,",0
"344,20220421,",0
"344,20220422,",0
"344,20220423,",0
"344,20220424,",0
"344,20220425,",14
"344,20220426,",-1
"344,20220427,",0
"344,20220428,",0
"344,20220429,",0
"344,20220430,",4
"344,20220501,",0
"344,20220502,",0
"344,20220503,",0
"344,20220504,",-1
"344,20220505,",0
"344,20220506,",0
"344,20220507,",0
"344,20220508,",0
"344,20220509,",0
"344,20220510,",-1
"344,20220511,",34
"344,20220512,",0
"344,20220513,",0
"344,20220514,",0
"344,20220515,",0
"344,20220516,",10
"344,20220517,",-1
"344,20220518,",0
"344,20220519,",104
"344,20220520,",138
"344,20220521,",0
"344,20220522,",0
"344,20220523,",128
"344,20220524,",44
"344,20220525,",1
"344,20220526,",0
"344,20220527,",6
"344,20220528,",3
"344,20220529,",25
"344,20220530,",-1
"344,20220531,",33
"344,20220601,",10
"344,20220602,",0
"344,20220603,",0
"344,20220604,",-1
"344,20220605,",222
"344,20220606,",45
"344,20220607,",-1
"344,20220608,",70
"344,20220609,",20
"344,20220610,",-1
"344,20220611,",0
"344,20220612,",0
"344,20220613,",0
"344,20220614,",0
"344,20220615,",0
"344,20220616,",0
"344,20220617,",-1
"344,20220618,",0
"344,20220619,",27
"344,20220620,",0
"344,20220621,",0
"344,20220622,",0
"344,20220623,",0
"344,20220624,",129
"344,20220625,",28
"344,20220626,",0
"344,20220627,",111
"344,20220628,",0
"344,20220629,",0
"344,20220630,",132
"344,20220701,",7
"344,20220702,",-1
"344,20220703,",1
"344,20220704,",0
"344,20220705,",0
"344,20220706,",-1
"344,20220707,",6
"344,20220708,",0
"344,20220709,",0
"344,20220710,",-1
"344,20220711,",0
"344,20220712,",1
"344,20220713,",0
"344,20220714,",0
"344,20220715,",0
"344,20220716,",0
"344,20220717,",0
"344,20220718,",0
"344,20220719,",0
"344,20220720,",2
"344,20220721,",59
"344,20220722,",5
"344,20220723,",0
"344,20220724,",0
"344,20220725,",-1
"344,20220726,",6
"344,20220727,",3
"344,20220728,",0
"344,20220729,",0
"344,20220730,",-1
"344,20220731,",14
"344,20220801,",4
"344,20220802,",0
"344,20220803,",0
"344,20220804,",0
"344,20220805,",-1
"344,20220806,",0
"344,20220807,",0
"344,20220808,",0
"344,20220809,",0
"344,20220810,",0
"344,20220811,",0
"344,20220812,",0
"344,20220813,",0
"344,20220814,",0
"344,20220815,",110
"344,20220816,",0
"344,20220817,",117
"344,20220818,",0
"344,20220819,",2
"344,20220820,",0
"344,20220821,",0
"344,20220822,",-1
"344,20220823,",0
"344,20220824,",0
"344,20220825,",0
"344,20220826,",-1
"344,20220827,",-1
"344,20220828,",0
"344,20220829,",0
"344,20220830,",0
"344,20220831,",0
"344,20220901,",0
"344,20220902,",0
"344,20220903,",0
"344,20220904,",0
"344,20220905,",238
"344,20220906,",199
"344,20220907,",62
"344,20220908,",10
"344,20220909,",148
"344,20220910,",41
"344,20220911,",0
"344,20220912,",0
"344,20220913,",-1
"344,20220914,",-1
"344,20220915,",9
"344,20220916,",130
"344,20220917,",86
"344,20220918,",169
"344,20220919,",8
"344,20220920,",15
"344,20220921,",0
"344,20220922,",0
"344,20220923,",108
"344,20220924,",12
"344,20220925,",8
"344,20220926,",179
"344,20220927,",244
"344,20220928,",64
"344,20220929,",0
"344,20220930,",108
"344,20221001,",103
"344,20221002,",-1
"344,20221003,",0
"344,20221004,",0
"344,20221005,",50
"344,20221006,",-1
"344,20221007,",8
"344,20221008,",1
"344,20221009,",0
"344,20221010,",3
"344,20221011,",0
"344,20221012,",3
"344,20221013,",35
"344,20221014,",22
"344,20221015,",15
"344,20221016,",6
"344,20221017,",49
"344,20221018,",0
"344,20221019,",0
"344,20221020,",16
"344,20221021,",-1
"344,20221022,",-1
"344,20221023,",91
"344,20221024,",44
"344,20221025,",6
"344,20221026,",-1
"344,20221027,",-1
"344,20221028,",0
"344,20221029,",-1
"344,20221030,",-1
"344,20221031,",5
"344,20221101,",53
"344,20221102,",15
"344,20221103,",64
"344,20221104,",77
"344,20221105,",5
"344,20221106,",156
"344,20221107,",9
"344,20221108,",0
"344,20221109,",24
"344,20221110,",0
"344,20221111,",0
"344,20221112,",0
"344,20221113,",0
"344,20221114,",0
"344,20221115,",44
"344,20221116,",102
"344,20221117,",179
"344,20221118,",111
"344,20221119,",2
"344,20221120,",94
"344,20221121,",59
"344,20221122,",2
"344,20221123,",39
"344,20221124,",34
"344,20221125,",29
"344,20221126,",0
"344,20221127,",102
"344,20221128,",14
"344,20221129,",-1
"344,20221130,",1
"344,20221201,",0
"344,20221202,",0
"344,20221203,",0
"344,20221204,",0
"344,20221205,",-1
"344,20221206,",25
"344,20221207,",39
"344,20221208,",115
"344,20221209,",7
"344,20221210,",-1
"344,20221211,",-1
"344,20221212,",0
"344,20221213,",0
"344,20221214,",2
"344,20221215,",4
"344,20221216,",0
"344,20221217,",0
"344,20221218,",33
"344,20221219,",66
"344,20221220,",31
"344,20221221,",12
"344,20221222,",65
"344,20221223,",82
"344,20221224,",-1
"344,20221225,",86
"344,20221226,",15
"344,20221227,",7
"344,20221228,",48
"344,20221229,",37
"344,20221230,",60
"344,20221231,",161
"344,20230101,",37
"344,20230102,",22
"344,20230103,",54
"344,20230104,",109
"344,20230105,",8
"344,20230106,",23
"344,20230107,",29
"344,20230108,",5
"344,20230109,",27
"344,20230110,",75
"344,20230111,",58
"344,20230112,",352
"344,20230113,",9
"344,20230114,",212
"344,20230115,",6
"344,20230116,",151
"344,20230117,",-1
"344,20230118,",12
"344,20230119,",107
"344,20230120,",147
"344,20230121,",0
"344,20230122,",0
"344,20230123,",-1
"344,20230124,",0
"344,20230125,",25
"344,20230126,",8
"344,20230127,",0
"344,20230128,",0
"344,20230129,",0
"344,20230130,",-1
"344,20230131,",-1
"344,20230201,",1
"344,20230202,",26
"344,20230203,",8
"344,20230204,",2
"344,20230205,",13
"344,20230206,",0
"344,20230207,",0
"344,20230208,",0
"344,20230209,",0
"344,20230210,",-1
"344,20230211,",0
"344,20230212,",0
"344,20230213,",0
"344,20230214,",0
"344,20230215,",0
"344,20230216,",28
"344,20230217,",-1
"344,20230218,",25
"344,20230219,",15
"344,20230220,",0
"344,20230221,",0
"344,20230222,",28
"344,20230223,",16
"344,20230224,",32
"344,20230225,",2
"344,20230226,",0
"344,20230227,",0
"344,20230228,",14
"344,20230301,",0
"344,20230302,",0
"344,20230303,",0
"344,20230304,",4
"344,20230305,",28
"344,20230306,",35
"344,20230307,",81
"344,20230308,",57
"344,20230309,",130
"344,20230310,",117
"344,20230311,",0
"344,20230312,",32
"344,20230313,",24
"344,20230314,",75
"344,20230315,",11
"344,20230316,",7
"344,20230317,",-1
"344,20230318,",44
"344,20230319,",0
"344,20230320,",30
"344,20230321,",16
"344,20230322,",39
"344,20230323,",70
"344,20230324,",7
"344,20230325,",11
"344,20230326,",72
"344,20230327,",20
"344,20230328,",3
"344,20230329,",-1
"344,20230330,",7
"344,20230331,",180
"344,20230401,",43
"344,20230402,",-1
"344,20230403,",0
"344,20230404,",0
"344,20230405,",0
"344,20230406,",91
"344,20230407,",0
"344,20230408,",-1
"344,20230409,",0
"344,20230410,",75
"344,20230411,",25
"344,20230412,",81
"344,20230413,",33
"344,20230414,",0
"344,20230415,",0
"344,20230416,",1
"344,20230417,",0
"344,20230418,",0
"344,20230419,",0
"344,20230420,",11
"344,20230421,",43
"344,20230422,",29
"344,20230423,",106
"344,20230424,",135
"344,20230425,",6
"344,20230426,",0
"344,20230427,",-1
"344,20230428,",31
"344,20230429,",0
"344,20230430,",0
"344,20230501,",9
"344,20230502,",0
"344,20230503,",0
"344,20230504,",-1
"344,20230505,",39
"344,20230506,",11
"344,20230507,",124
"344,20230508,",0
"344,20230509,",145
"344,20230510,",-1
"344,20230511,",54
"344,20230512,",24
"344,20230513,",0
"344,20230514,",0
"344,20230515,",-1
"344,20230516,",0
"344,20230517,",-1
"344,20230518,",0
"344,20230519,",0
"344,20230520,",0
"344,20230521,",0
"344,20230522,",0
"344,20230523,",0
"344,20230524,",0
"344,20230525,",0
"344,20230526,",0
"344,20230527,",0
"344,20230528,",0
"344,20230529,",0
"344,20230530,",0
"344,20230531,",0
"344,20230601,",0
"344,20230602,",0
"344,20230603,",0
"344,20230604,",0
"344,20230605,",0
"344,20230606,",0
"344,20230607,",0
"344,20230608,",0
"344,20230609,",0
"344,20230610,",0
"344,20230611,",0
"344,20230612,",0
"344,20230613,",0
"344,20230614,",0
"344,20230615,",0
"344,20230616,",0
"344,20230617,",0
"344,20230618,",-1
"344,20230619,",1
"344,20230620,",34
"344,20230621,",-1
"344,20230622,",11
"344,20230623,",0
"344,20230624,",0
"344,20230625,",0
"344,20230626,",0
"344,20230627,",-1
"344,20230628,",3
"344,20230629,",1
"344,20230630,",1
"344,20230701,",30
"344,20230702,",0
"344,20230703,",99
"344,20230704,",7
"344,20230705,",139
"344,20230706,",7
"344,20230707,",0
"344,20230708,",0
"344,20230709,",87
"344,20230710,",0
"344,20230711,",-1
"344,20230712,",15
"344,20230713,",12
"344,20230714,",-1
"344,20230715,",20
"344,20230716,",2
"344,20230717,",3
"344,20230718,",-1
"344,20230719,",87
"344,20230720,",0
"344,20230721,",21
"344,20230722,",21
"344,20230723,",13
"344,20230724,",11
"344,20230725,",31
"344,20230726,",-1
"344,20230727,",152
"344,20230728,",-1
"344,20230729,",11
"344,20230730,",108
"344,20230731,",191
"344,20230801,",19
"344,20230802,",144
"344,20230803,",58
"344,20230804,",15
"344,20230805,",86
"344,20230806,",181
"344,20230807,",14
"344,20230808,",33
"344,20230809,",0
"344,20230810,",0
"344,20230811,",0
"344,20230812,",187
"344,20230813,",-1
"344,20230814,",0
"344,20230815,",-1
"344,20230816,",0
"344,20230817,",0
"344,20230818,",0
"344,20230819,",1
"344,20230820,",0
"344,20230821,",0
"344,20230822,",0
"344,20230823,",0
"344,20230824,",13
"344,20230825,",-1
"344,20230826,",32
"344,20230827,",36
"344,20230828,",1
"344,20230829,",0
"344,20230830,",80
"344,20230831,",4
"344,20230901,",40
